松花江路95弄    ,238,1, 49.08
民星一村    ,157,1, 42.4
宝地东花园    ,890,2, 105.81
控江路1455弄    ,315,2, 55.85
眉州路515弄    ,218,1, 35.11
海杨公寓    ,650,2, 105.52
嘉誉湾    ,1620,4, 195.02
广杭苑    ,645,3, 114.22
阳明新城    ,558,3, 89.79
眉州路515弄    ,168,1, 33.78
新凤城    ,925,3, 112.7
同济新村    ,391,2, 52.59
凤城二村    ,309,2, 53.36
明和苑    ,980,4, 116
凯兴苑    ,777,3, 121.42
保利香槟苑    ,885,3, 90.36
三门路510弄    ,233,1, 52.47
圣骊河滨苑    ,698,2, 83.31
圣骊河滨苑    ,475,1, 52.57
密云小区    ,377,1, 34.13
鞍山八村    ,365,2, 53.24
北茶园    ,227,1, 46.32
鞍山七村    ,320,2, 49.31
凤城二村    ,378,2, 67
建发璟墅    ,1820,4, 389.85
公交新村    ,275,2, 44.48
政立路830弄    ,320,2, 57.3
鞍山四村第一小区    ,243,1, 36.69
民庆家园    ,510,2, 77.86
新江湾城雍景苑    ,808,2, 102.36
市光三村    ,237,2, 47.58
双辽新村    ,172,1, 30.54
城市方园    ,324,2, 69.81
合生江湾国际公寓    ,795,2, 107.17
新凤城    ,848,2, 99.73
新江湾佳苑    ,640,2, 91.44
宁阳福邸    ,730,3, 98.96
松花公寓    ,428,2, 83
建设新苑    ,660,2, 91.77
金鹏花园    ,395,2, 61.61
鞍山五村    ,230,1, 39.08
密云小区    ,480,2, 53.71
中环和润苑    ,442,2, 66.86
锦杨苑    ,680,2, 105.15
林绿家园    ,258,1, 43.88
江升公寓    ,660,2, 77.84
文化名园    ,570,3, 92.7
宝地东花园    ,846,2, 95.49
国和一村    ,253,2, 54.14
开鲁一村    ,175,1, 41.49
城市方园    ,315,2, 69.26
东上海中心    ,408,1, 65.32
密云小区    ,430,1, 45.07
武川路245弄    ,202,1, 31.3
华润置地橡树湾    ,760,2, 85.42
密云小区    ,348,1, 28.48
中环和乐苑    ,345,1, 52.5
鞍山四村第二小区    ,550,2, 87.9
加州水郡    ,1850,4, 245
正文花园(一期)    ,660,2, 101.05
锦兰苑    ,1180,4, 146
三门路510弄    ,237,1, 51.1
恒阳花苑    ,475,2, 66.15
榆林路630号    ,268,2, 37.11
武川路99弄    ,288,2, 57.57
安居花苑    ,308,1, 60.17
延吉一村    ,255,2, 42.55
延吉七村    ,285,2, 50.08
新凤城    ,450,1, 54.64
延吉五村    ,230,1, 39.5
沧州路180弄    ,319,1, 36.11
市京一村    ,179,1, 41.87
荣丰花园    ,495,2, 78.41
保利香槟苑    ,790,3, 91
开鲁四村    ,185,1, 43.22
君裕公寓    ,650,3, 125.49
鞍山三村    ,187,1, 23.86
大连西路4弄    ,450,2, 48.5
政民花苑    ,260,1, 41.99
唐山路1280弄    ,232,1, 39.65
合生江湾国际公寓    ,820,2, 104.18
延吉四村    ,215,1, 35.58
控江二村107弄小区    ,173,1, 36.41
市光四村    ,220,1, 43.21
海鸿公寓    ,295,1, 57.43
阜新路284弄    ,260,1, 37.55
鞍山一村    ,230,1, 33.68
海上硕和城    ,1550,5, 204.63
浣纱四村    ,500,2, 79.1
城市方园    ,320,2, 68.32
城市丽园    ,728,2, 89.46
殷行一、二村    ,222,2, 54.59
黄兴绿园    ,825,3, 127.86
霍兰公寓    ,495,2, 77.59
中环和润苑    ,446,2, 68.47
文化花园香榭丽苑    ,850,3, 126.71
东田公寓    ,555,2, 104.52
市光二村    ,320,3, 68.98
文化名园    ,408,2, 61.3
华元豪庭    ,759,2, 93.32
怡佳苑    ,355,2, 65.59
延吉二村    ,318,2, 47.12
新江湾时代花园    ,498,2, 61.35
松花一村    ,205,1, 41.34
开鲁四村    ,210,2, 42
市光一村    ,229,1, 42.54
长海路137弄    ,368,2, 65.71
市京一村    ,220,2, 46.22
工农二村    ,219,1, 39.58
双辽新村    ,151,1, 27.72
双辽新村    ,185,1, 30.7
铁岭路90弄    ,260,1, 42.11
市光三村    ,185,1, 39.69
市光三村    ,199,1, 44.55
阳明新城    ,470,2, 74.93
浣纱四村    ,428,2, 69.39
宝钢又一村    ,545,2, 85.4
同济新村    ,460,2, 54.79
海鸿公寓    ,775,4, 141
和平花苑    ,620,2, 91.19
盛世豪园(二期)    ,700,2, 81.1
海鸿公寓    ,550,3, 98.5
百兴花园    ,475,2, 64.98
明园村小区    ,293,2, 47.28
松花一村    ,345,2, 69.13
殷行一、二村    ,157,1, 35.45
鞍山四村第三小区    ,248,1, 33.6
殷行路451弄    ,280,2, 58.81
殷行路310弄    ,188,1, 39.23
城市名园    ,370,2, 71.71
中环和乐苑    ,440,2, 66.4
国和二村    ,292,2, 54.94
申通公寓    ,500,2, 83.74
城市名园    ,328,2, 68.65
凤城三村    ,160,1, 33.09
延吉四村    ,251,1, 38.63
铁岭路50弄    ,240,1, 33.92
松花一村    ,155,1, 28.69
控江东三村    ,270,2, 50.65
上海大花园    ,750,3, 119.08
韵都城    ,600,2, 80.71
民星一村    ,165,1, 42.4
延吉六村    ,196,1, 36.23
市光二村    ,299,2, 63.08
国和二村    ,300,2, 59.98
幸福村小区    ,170,1, 38.35
控江路1200弄    ,288,1, 32.77
合生江湾国际公寓    ,820,2, 108.55
国和二村    ,365,2, 65.1
银龙新村    ,245,1, 39.02
市光二村    ,340,2, 63.04
密云小区    ,408,1, 40.48
工农四村星源公寓    ,398,2, 75.37
双辽新村    ,210,1, 33.07
市光一村    ,450,2, 83.36
开鲁二村    ,190,1, 41.54
延吉七村    ,192,1, 35.6
引翔港小区    ,206,1, 34.21
幸福村小区    ,170,1, 38.49
三门路358弄    ,290,2, 61.71
浣纱四村    ,530,3, 99.6
殷行路310弄    ,260,2, 57.4
国和一村    ,220,1, 44.34
控江路1525弄    ,245,1, 37.7
圣骊河滨苑    ,725,2, 85.84
浦罡小区    ,200,1, 31.61
控江六村    ,298,1, 30.37
延吉四村    ,235,1, 35.79
控江东三村    ,207,1, 41.02
凤城二村    ,138,1, 30.05
控江七村    ,175,1, 29.27
双阳路50弄    ,265,1, 46.62
国和二村    ,282,2, 59.3
公园3000黄兴花园    ,470,1, 49
三门路358弄    ,202,1, 44
世和园    ,375,1, 53.88
东森花园    ,1030,3, 134.29
市光四村    ,158,1, 37.34
加州水郡    ,995,2, 120.08
鞍山四村第三小区    ,178,1, 31
延吉七村    ,295,2, 47.96
辽源一村    ,310,2, 53.49
延吉东路125弄    ,290,2, 51.81
市光三村    ,180,1, 36.62
凤城三村    ,185,1, 43.06
沧州路180弄    ,320,1, 39.28
中环和润苑    ,435,2, 68.4
双辽路155弄    ,470,3, 76.7
复旦第二宿舍    ,460,3, 66.21
申泉小区    ,246,1, 36.91
明月坊    ,435,2, 64.34
建德国际公寓    ,840,3, 96.17
鞍山四村第三小区    ,198,1, 33
文化花园香榭丽苑    ,700,2, 106.95
海杨公寓    ,595,3, 89.21
崇业小区    ,498,2, 85.7
秦家弄小区    ,270,1, 36.2
兰馨雅苑    ,730,2, 88.71
金宇名邸    ,840,3, 114.2
城市丽园    ,1580,6, 205.53
福宁路27弄    ,228,1, 33.98
绿地海珀璞晖    ,978,3, 98.62
松花江路95弄    ,525,3, 94.21
大运盛城    ,565,1, 81.9
和平花苑    ,645,2, 90.25
耀浦苑    ,1260,3, 212.76
浣纱五村    ,510,2, 92.31
绿地海珀璞晖    ,830,2, 88.28
华升新苑    ,820,2, 102.04
君欣豪庭    ,1260,3, 140.46
水电新村    ,251,2, 57.62
三峰大厦    ,600,3, 112.7
浣沙三村    ,478,3, 80.62
万佳苑    ,415,2, 64.89
靖宇南路5弄    ,322,1, 34.13
延吉东路125弄    ,280,2, 51.81
双辽新村    ,192,1, 27.72
合生江湾国际公寓    ,830,2, 104.93
望春都市家园    ,710,2, 86.76
银浦大楼    ,460,2, 70.49
翡丽甲第    ,2650,4, 243
华谊星城名苑    ,1060,3, 129.45
双辽支路70弄    ,190,1, 36.16
凤城三村    ,150,1, 29.87
延吉东路137弄    ,235,1, 39.56
建发璟墅    ,2370,4, 344.43
阳明新城    ,485,2, 74.93
浣纱五村    ,510,2, 89.05
九龙仓玺园    ,1450,3, 173.99
凤城三村    ,230,1, 40.77
民星路408弄    ,324,2, 60.27
秦家弄小区    ,330,1, 46.29
明阳公寓    ,418,2, 65.81
涵碧景苑    ,1380,7, 235.67
恒阳花苑    ,578,2, 85.27
长眉小区    ,174,1, 30.53
辽源公寓    ,235,1, 38.54
联升大厦    ,645,2, 92.21
仁恒怡庭    ,1168,3, 140.39
明昌公寓    ,300,1, 49.51
开鲁三村    ,270,2, 58.65
荣丰花园    ,318,1, 52.38
辽源公寓    ,320,2, 51.53
上海大花园    ,1020,3, 146.35
馨怡花园    ,1200,3, 144.57
铁路新村(杨浦)    ,320,2, 53.16
中原路99弄    ,225,1, 40.11
控江二村    ,318,1, 45.42
华升新苑    ,800,2, 116.22
双辽支路70弄    ,215,1, 42.4
许昌路1491弄    ,240,1, 37.63
凤城二村    ,200,1, 36.45
长阳新苑    ,780,2, 104.89
控江路1455弄    ,620,2, 114.75
黄兴路1019弄    ,220,1, 37.5
延吉五村    ,205,1, 35.72
凤城路104弄    ,290,2, 49.65
松花一村    ,190,1, 39.98
飞帆大楼    ,305,1, 59
控江路1455弄    ,600,4, 107.41
仁恒怡庭    ,1680,5, 247.07
控江二村    ,299,1, 35.31
控江路1525弄    ,228,1, 37.7
合生高尔夫公寓    ,840,2, 93.35
文化名园    ,430,2, 60.67
延吉七村    ,265,2, 49
嘉誉湾    ,1900,4, 201.97
控江二村107弄小区    ,270,1, 46.47
华升公寓    ,595,2, 96.41
东田公寓    ,670,2, 104.6
华升新苑    ,1500,4, 190.84
广杭苑    ,530,2, 87.1
双阳路594弄    ,400,2, 55.81
公安公寓    ,413,1, 43.96
开鲁路382弄    ,190,1, 42.07
控江四村    ,335,2, 67.5
复旦书馨公寓    ,830,2, 103.6
兴浦新村    ,190,1, 48.43
控江二村107弄小区    ,220,2, 34
辽源三村    ,210,1, 34.02
东田公寓    ,590,2, 93.4
大运盛城    ,880,3, 135.3
大运盛城    ,720,2, 99.46
和平花苑    ,583,2, 84.28
文化花园园中苑    ,1030,4, 176.02
上海大花园    ,805,2, 98
文化花园清华苑    ,960,3, 168.28
建发璟墅    ,2320,4, 397.31
恒联新天地花园    ,1125,3, 131.8
现代星洲城    ,820,2, 107.98
中建大公馆    ,2580,5, 429
广杭苑    ,1000,2, 109.47
华润置地橡树湾    ,2050,5, 384.68
阳明新城    ,575,3, 89.79
华元豪庭    ,1150,3, 143
文化花园清华苑    ,1230,4, 191.35
保利香槟苑    ,1153,4, 115.94
耀浦苑    ,950,3, 124.99
鞍山四村第二小区    ,248,1, 34.78
引翔港小区    ,268,2, 48.56
市光四村    ,330,2, 57.38
广杭苑    ,1200,3, 123.29
五彩星辰    ,638,5, 121.97
广圆小区    ,630,2, 83.2
建发江湾萃    ,1950,4, 276.72
新凤城    ,1350,3, 153.09
宝钢又一村    ,720,3, 137.54
仁德苑    ,830,3, 127.02
海杨公寓    ,910,4, 148.59
华升新苑    ,810,2, 101.97
恒联新天地花园    ,808,2, 99.7
仁恒怡庭    ,2780,5, 336.69
九龙仓玺园    ,2600,4, 330.09
汇元坊    ,815,3, 129.8
大运盛城    ,718,3, 118
国富苑    ,640,2, 115.3
明园公寓    ,445,2, 76.01
航天小区    ,345,2, 65.26
城市名园    ,435,2, 84.25
伊格尔公寓    ,650,3, 127.25
信通浦皓园    ,788,2, 101.54
鞍山三村    ,670,2, 99.88
佳龙花园    ,950,3, 127.1
华润置地橡树湾    ,1500,4, 175.34
紫罗兰家苑    ,850,2, 99.04
仁德苑    ,950,3, 166.11
景江公寓    ,900,3, 156.61
嘉誉湾    ,1850,4, 201
恒阳花苑    ,600,2, 85.47
抚顺路363弄    ,405,2, 56.36
文化佳园    ,1040,4, 139.65
申通公寓    ,505,2, 93.01
双辽新村    ,185,1, 31.36
锦西路30弄    ,260,1, 34.77
新凤城    ,500,1, 60.3
同济新村    ,525,3, 62.68
华润置地橡树湾    ,1500,4, 289.29
泰宝华庭(公寓)    ,1700,4, 333.71
华谊星城名苑    ,800,3, 105.37
瀚杨苑    ,948,3, 156.89
宝地东花园    ,1088,3, 120.89
东田公寓    ,650,2, 100.27
仁德路67弄10支弄    ,440,2, 78.16
崇业小区    ,340,1, 51.11
双辽新村    ,283,2, 47.16
宁武小区    ,630,3, 122.79
中环和润苑    ,550,3, 88.9
银鹿大厦    ,580,2, 89.4
国顺路400弄    ,188,1, 32.99
乾阳佳园    ,698,2, 112.65
双喜家园    ,610,2, 86.26
新凤城    ,450,1, 61.34
控江五村    ,420,4, 75.69
新凤城    ,520,1, 61.34
怡福苑    ,690,3, 109.84
鑫隆公寓    ,660,3, 103.76
华润置地橡树湾    ,2900,5, 350.57
锦杨苑    ,810,3, 128
和平花苑    ,880,3, 122.54
嘉誉湾    ,2500,4, 282.11
海鹏花苑    ,720,3, 123.08
凯达苑    ,355,1, 61.65
凯兴苑    ,690,2, 106.6
尚浦名邸    ,1880,3, 249
许昌路1479弄    ,182,1, 26.75
铁路新村(杨浦)    ,360,2, 56.05
建发珑庭二期    ,920,3, 118
双辽新村    ,325,2, 51.5
铁岭路50弄    ,333,2, 49.24
汇丰苑    ,739,4, 129.82
三湘七星府邸    ,1620,4, 212.39
黄兴绿园    ,885,3, 137
仁德路67弄    ,363,2, 57.97
文化花园香榭丽苑    ,1138,4, 166.21
大运盛城    ,1150,5, 206.18
东方锦园    ,900,3, 139
佳泰花园    ,1130,5, 205.38
松苑小区    ,630,3, 104.4
松益公寓    ,585,2, 91.82
鞍山三村    ,630,3, 102.5
华润置地橡树湾    ,2150,5, 302.73
祥生御江湾(公寓)    ,2318,5, 375.38
阳明新城    ,568,3, 89.79
耀浦苑    ,900,3, 128.78
三湘七星府邸    ,2280,4, 265.63
华润置地橡树湾    ,1900,5, 280
公园3000黄兴花园    ,830,3, 103.68
正文花园(二期)    ,880,3, 147.28
金宇名邸    ,1050,3, 141.72
和平花苑    ,830,3, 113.27
申润江涛苑    ,830,2, 98.36
金宇名邸    ,855,2, 118.52
金鹏花园    ,600,3, 101.17
开鲁二村    ,215,1, 45.89
凤城二村    ,310,2, 55.01
中原路99弄    ,225,1, 43.49
三门路510弄    ,270,1, 55.58
铁岭路90弄    ,425,2, 62
开鲁二村    ,470,3, 93.11
华升新苑    ,860,3, 126.04
涵碧景苑    ,1280,4, 163.3
润地华庭    ,1310,3, 138.19
控江一村    ,530,2, 69.05
北茶园    ,460,2, 69.48
三湘世纪花城    ,880,3, 130.18
现代星洲城    ,1050,3, 134.5
现代星洲城    ,1200,3, 181.77
建发璟墅    ,1970,4, 368
凤城二村    ,178,1, 35.35
铁岭路50弄    ,340,2, 51.57
北茶园    ,438,2, 69.46
凤城三村    ,185,1, 34.18
尚浦名邸    ,1428,3, 165.27
和平花苑    ,830,3, 112.09
沧州路180弄    ,378,2, 52.8
榆林路256号    ,330,2, 51.41
北茶园    ,390,2, 59
密云小区    ,415,1, 42.1
公交新村    ,435,2, 61.61
九龙仓玺园    ,1199,3, 136.72
鞍山一村第三小区    ,281,1, 40.25
九龙仓玺园    ,2700,4, 334.62
控江四村    ,296,2, 57.31
文化佳园    ,1037,3, 126.61
杨浦公寓    ,735,2, 97.72
城市方园    ,317,2, 70.06
台益公寓    ,485,2, 85.85
隆昌路542弄    ,550,6, 68
台益公寓    ,650,3, 121.3
双花公寓    ,375,2, 69.08
华升新苑    ,930,3, 125.03
金鹏花园    ,512,3, 85.66
华升新苑    ,970,3, 141.25
明昌公寓    ,480,2, 70.63
怡佳苑    ,249,1, 52.48
密云小区    ,485,2, 52
申润江涛苑    ,740,2, 103
新凤城    ,998,3, 112.71
嘉誉湾    ,1855,4, 218
金上海家园    ,1180,3, 146.8
铁岭路50弄    ,245,1, 40.77
凤凰大楼    ,668,2, 105.84
秦家弄小区    ,370,2, 58.56
明园大楼    ,430,2, 66.34
绿地海珀璞晖    ,1198,3, 126.81
凤城六村    ,360,2, 52.5
现代星洲城    ,770,2, 99.89
打虎大楼    ,495,2, 75.35
华润置地橡树湾    ,810,2, 86.16
密云小区    ,530,2, 55.53
松苑小区    ,345,2, 64.65
大连西路4弄    ,455,2, 48.5
辽源四村    ,310,1, 48.96
新凤城    ,628,2, 74.06
控江五村    ,325,2, 55.35
长白三村    ,310,2, 58.27
浣沙三村    ,650,2, 97.2
政肃路45弄    ,480,3, 69.23
水月坊    ,520,2, 67.47
鞍山四村第三小区    ,251,1, 39.81
长白路166号    ,195,1, 42.22
凤城路104弄    ,315,2, 44.56
翔殷心秀    ,590,2, 94.56
国富苑    ,650,2, 125.67
文化花园清华苑    ,830,4, 141.71
双喜家园    ,1300,4, 177.83
凤城三村    ,430,2, 70.18
密云小区    ,510,2, 52.68
申润江涛苑    ,780,2, 99.59
双辽新村    ,230,1, 40.05
大居苑    ,1000,3, 164.06
保利香槟苑    ,780,2, 93.32
佳龙花园    ,798,2, 101.08
银浦大楼    ,598,2, 89.75
金鹏花园    ,465,2, 70.94
苏家屯路29弄    ,470,2, 68.51
控江路1525弄    ,325,2, 57.93
三门路510弄    ,240,1, 51.1
海杨公寓    ,575,2, 88.33
开鲁四村    ,540,3, 98.94
张家浜小区    ,355,2, 54.87
抚顺路363弄    ,352,2, 46.37
广杭苑    ,740,2, 109.47
仁德路67弄10支弄    ,460,3, 78.16
北茶园    ,295,1, 48.5
珠江香樟南园    ,1100,3, 141.47
铁路新村(杨浦)    ,300,2, 49.79
圣骊河滨苑    ,685,2, 83.31
现代星洲城    ,898,2, 110.01
加州水郡    ,1400,3, 165.17
丹江新苑    ,650,2, 102.66
万登花苑    ,750,2, 100.15
尚浦名邸    ,1610,3, 190.28
政立小区    ,310,1, 59.97
密云小区    ,412,1, 39.46
三湘世纪花城    ,830,3, 123.36
保辉香景园    ,1430,3, 155
市光二村    ,330,3, 68.98
润地华庭    ,1370,3, 141.08
尚浦名邸    ,1088,2, 123.5
江浦路1275弄    ,350,2, 52.5
尚浦名邸    ,1080,2, 127.5
中环和乐苑    ,575,3, 84.83
铁岭路50弄    ,580,3, 85.66
同济欣苑    ,798,3, 135.21
铁路新村(杨浦)    ,336,2, 53.09
秦家弄小区    ,300,1, 42.8
国顺路389弄    ,330,2, 55.39
浣纱六村    ,450,2, 73.5
文化花园明珠苑    ,750,3, 118.61
铁路新村(杨浦)    ,330,2, 50.62
兰馨雅苑    ,920,3, 118.96
圣骊河滨苑    ,850,2, 104.16
仁恒怡庭    ,1165,3, 141.38
建信大楼    ,498,2, 87.55
政通路311弄    ,550,2, 71.17
广杭苑    ,530,2, 87.1
三门路510弄    ,240,2, 49.79
密云小区    ,495,2, 55.53
浣沙三村    ,515,3, 78.08
华升新苑    ,780,2, 102.04
现代星洲城    ,865,2, 109.44
文化花园香榭丽苑    ,755,3, 125.54
平盛苑    ,960,3, 146.16
望春都市家园    ,1050,3, 146.96
全家福家园    ,680,2, 101.43
密云小区    ,490,2, 66.2
开鲁二村    ,230,1, 45.15
四平路2100弄    ,310,2, 49.49
控江路1455弄    ,205,1, 35.88
鞍山三村    ,310,1, 49.21
凤城三村    ,268,2, 48.96
凤城三村    ,305,2, 51.01
中业大楼    ,260,1, 44
皇朝新城    ,800,4, 143.87
长阳新苑    ,830,3, 125.43
海鸿公寓    ,520,2, 77.23
银龙新村    ,260,2, 46
凤城三村    ,240,1, 45.45
市光四村    ,232,1, 51.44
双辽支路70弄    ,248,2, 43.11
延吉东路82弄    ,280,2, 48.61
密云小区    ,620,2, 83.83
大运盛城    ,650,2, 89.46
和平花苑    ,800,3, 112.09
国中公寓    ,780,2, 137.4
九龙仓玺园    ,1720,3, 167.31
创智坊(公寓)    ,1390,4, 211.82
凤城四村    ,245,2, 41.35
大诚花苑    ,810,3, 132.24
文化花园园中苑    ,1080,4, 155.6
控江路1200弄    ,740,3, 122.57
祥生御江湾(公寓)    ,1430,3, 185.34
铁路新村(杨浦)    ,355,2, 53.16
九龙仓玺园    ,1580,3, 173.21
三门路358弄    ,195,1, 41.15
控江二村    ,820,3, 113.46
加州水郡    ,2030,4, 228.53
控江二村    ,545,3, 75.24
国富苑    ,760,3, 154.32
市光三村    ,279,2, 57.69
金鹏花园    ,450,2, 70.94
中通雅苑    ,1000,3, 125
海上海新城(公寓)    ,1020,2, 134.48
莱茵半岛    ,1500,6, 290.86
北茶园    ,258,1, 44.31
控江路888弄    ,305,2, 51.12
松花江路223弄    ,225,1, 42.36
国和苑    ,315,2, 56.34
宝钢又一村    ,785,3, 128.06
鞍山六村    ,550,3, 99.24
建发璟墅    ,2400,4, 308.46
吉浦小区    ,525,3, 111.61
林绿家园    ,635,3, 91.73
百兴花园    ,610,3, 105.97
双花公寓    ,440,2, 66.97
控江六村    ,465,3, 63.69
政立路830弄    ,300,1, 51.15
银杨大厦    ,515,2, 87.12
保利香槟苑    ,1088,3, 119
鞍山三村    ,255,1, 37.25
市光四村    ,330,2, 62.2
控江四村    ,400,2, 73
怡福苑    ,475,2, 74.68
大运盛城    ,800,2, 123.69
控江四村    ,388,3, 81.78
怡佳苑    ,348,2, 64.57
文化名园    ,318,1, 54.03
鞍山四村第一小区    ,255,1, 37.6
联升大厦    ,615,2, 92.21
鞍山四村第三小区    ,365,2, 53.93
鞍山四村第三小区    ,240,1, 34.1
幸福公寓    ,540,2, 90.91
大连西路26弄    ,515,2, 54.01
凤城五村    ,560,3, 85.55
汇丰苑    ,780,3, 112
莱茵半岛    ,740,2, 110.38
大运盛城    ,850,3, 128.6
国富苑    ,730,3, 154.32
工农四村星源佳苑    ,760,3, 135.2
黄兴绿园    ,880,3, 126
新凤城    ,868,2, 102.52
莱茵半岛    ,920,3, 130.38
控江路18弄    ,598,3, 98.15
宝地东花园    ,920,2, 102
靖宇大楼    ,618,3, 116.47
石油大楼    ,555,3, 82.98
松苑小区    ,575,3, 98
新凤城    ,1080,3, 130.97
皇朝新城    ,758,2, 121.65
欧洲凯城园    ,1080,3, 138.15
华升新苑    ,1400,5, 186
大运盛城    ,860,3, 122.2
长阳新家    ,570,3, 120.16
华润置地橡树湾    ,2590,5, 258
平盛苑    ,950,3, 146.16
圣骊河滨苑    ,858,2, 108.87
大运盛城    ,800,3, 118.61
宁武小区    ,560,3, 97.81
控江四村    ,159,1, 37
民星二村    ,235,1, 50.87
兰花新村    ,175,1, 28.4
控江四村    ,196,1, 37.41
鞍山四村第一小区    ,250,1, 36.69
国定路600弄    ,411,3, 71.97
文化名园    ,390,2, 60.1
建设公寓    ,450,2, 76.58
城市方园    ,323,2, 68.32
兰花新村    ,285,2, 49.7
国和二村    ,305,2, 59.3
合生江湾国际公寓    ,790,2, 96.28
凤城路104弄    ,275,2, 54.69
控江路652弄    ,318,2, 61.83
浦罡小区    ,235,2, 43.29
延吉东路303号    ,235,2, 49.2
鞍山四村第一小区    ,245,1, 37.48
水电新村    ,250,1, 54.31
复旦教师公寓    ,330,2, 55.94
平凉小区    ,430,2, 84
嘉誉湾    ,1820,4, 201.7
殷行一、二村    ,320,2, 70.77
文化佳园    ,1150,3, 148.72
长海二村    ,435,3, 70.79
江浦路1275弄    ,240,1, 41.47
界龙商务大楼    ,530,2, 88.42
崇业小区    ,225,1, 33.39
延吉七村    ,197,1, 36.23
张家浜小区    ,240,1, 34.7
新江湾城雍景苑    ,599,2, 85.4
昆明路1268弄    ,305,2, 55.42
双辽新村    ,260,1, 43.12
凤城三村    ,158,1, 34.24
皇朝新城    ,780,3, 137.54
长阳路890号    ,231,2, 42.5
密云小区    ,420,1, 52
凤城三村    ,185,1, 34.36
浦江风景苑    ,1125,3, 142.32
怡佳苑    ,478,3, 91.42
现代星洲城    ,900,3, 128.13
创智坊(公寓)    ,1020,2, 128.61
锦都玫瑰园    ,880,3, 138.85
兰花教师公寓    ,660,3, 99.08
怡福苑    ,675,3, 102.61
密云小区    ,490,2, 66.2
凤城三村    ,312,2, 59.66
同济绿园    ,597,1, 66
广杭苑    ,588,2, 96.3
靖宇南路5弄    ,325,1, 34.13
莱茵半岛    ,845,3, 139.77
保辉香景园    ,1280,3, 138.59
莱茵半岛    ,815,3, 130.19
辽源一村    ,320,2, 51.1
浣沙三村    ,395,2, 66.23
怡福苑    ,645,3, 98.42
新江湾城雍景苑    ,870,3, 124.37
海上海新城(公寓)    ,980,2, 134.48
鞍山六村    ,638,3, 99.85
鞍山一村    ,320,2, 43.38
涵碧景苑    ,1200,4, 166.11
盛世豪园(一期)    ,670,2, 100.41
尚浦名邸    ,1530,3, 196
凤城五村    ,325,2, 52.58
文化花园香榭丽苑    ,730,3, 125.48
万佳苑    ,570,2, 78.43
密云小区    ,495,2, 55.41
彰武路120弄    ,520,2, 80.44
海鹏苑    ,370,1, 62.61
双辽路155弄    ,390,2, 63.96
珠江香樟南园    ,470,1, 58
鹏程苑    ,518,3, 86.03
眉州路515弄    ,210,1, 37.19
三湘世纪花城三期    ,740,2, 102.9
阳明新城    ,495,2, 79.37
三门路358弄    ,295,2, 59.14
泰鸿新苑    ,620,1, 78.23
江湾翰林    ,1920,4, 215.88
双辽支路70弄    ,165,1, 33.22
江浦路2009弄    ,455,2, 62.05
华润置地橡树湾    ,1320,3, 153.51
公园3000黄兴花园    ,890,2, 111.28
明德公寓    ,560,2, 94.86
佳龙花园    ,1100,3, 123.11
延吉东路315弄    ,345,3, 66.91
江浦路2009弄    ,395,2, 60.62
公交新村    ,355,1, 52.72
珠江香樟园    ,820,3, 113.18
宝钢又一村    ,660,2, 103.08
九州丽园    ,780,2, 120.19
长海二村    ,305,2, 56.68
城市方园    ,350,2, 71.8
仁德路67弄10支弄    ,265,1, 44.96
双辽新村    ,370,2, 53.41
江浦路1275弄    ,410,2, 67.08
盛世豪园(二期)    ,720,2, 81.1
东方锦园    ,875,3, 137.88
兰花教师公寓    ,750,3, 94.65
东森花园    ,1050,3, 134.29
佳泰花园    ,698,2, 89.04
佳龙花园    ,999,3, 123.11
北茶园    ,260,1, 38.47
民星路568弄    ,428,2, 78.89
荣丰花园    ,650,2, 97.77
水月坊    ,500,2, 63.09
华升公寓    ,685,2, 96.41
盛世豪园(二期)    ,780,2, 87.71
控江西三村    ,285,2, 44.63
恒阳花苑    ,490,2, 66.15
祥生御江湾(公寓)    ,1958,7, 321.44
阳明新城    ,480,2, 66.9
公交新村    ,440,2, 60.85
兰馨雅苑    ,1100,3, 148.42
城市名园    ,570,3, 115.16
浣沙三村    ,388,2, 62.92
佳木斯路275号    ,570,3, 98
市光二村    ,316,3, 68.98
明月坊    ,460,2, 64.43
延吉七村    ,330,2, 50.21
大运盛城    ,930,3, 133.23
黄兴绿园    ,848,3, 135.65
合生高尔夫公寓    ,1295,3, 154.37
望春都市家园    ,899,3, 128.6
新凤城    ,1040,3, 132.09
全家福家园    ,880,3, 135.18
圣骊河滨苑    ,980,3, 133
嘉禄公寓    ,830,3, 146.45
百兴花园    ,615,3, 105.97
华晖绿苑    ,890,4, 153.36
控江路1200弄    ,540,3, 64.41
财大小区    ,212,1, 38.19
华润置地橡树湾    ,1800,4, 210.08
莱茵半岛    ,1150,4, 178.2
华晖绿苑    ,990,4, 149.13
富天苑    ,770,3, 108.78
国和二村    ,220,1, 42.86
创智坊(公寓)    ,865,2, 116.14
佳泰花园    ,915,3, 125.86
市光四村    ,360,2, 64.48
控江路874弄    ,335,2, 54.92
明园村小区    ,340,2, 54.58
平凉小区    ,450,2, 78.53
延吉东路131弄    ,290,2, 52.38
工农二村    ,190,1, 41.72
开鲁三村    ,210,1, 41.23
双辽支路70弄    ,350,2, 53.08
安图新村    ,258,2, 47.09
延吉四村    ,410,2, 72.73
开鲁三村    ,185,1, 42.2
凤城一村    ,185,1, 35.31
海运大厦    ,430,2, 70.44
长阳新苑    ,400,1, 56.69
长眉小区    ,238,2, 36.09
双阳路111弄    ,250,2, 48.99
双辽新村    ,185,1, 27.72
鞍山三村    ,195,1, 23.99
水电新村    ,338,2, 67.49
凤凰大楼    ,695,2, 114.19
延吉七村    ,283,2, 50.08
控江路1455弄    ,340,2, 55.98
密云小区    ,405,1, 52
凤城路104弄    ,236,1, 39.79
控江四村    ,188,1, 38.3
秦家弄小区    ,295,1, 46.52
控江西三村    ,275,2, 50.74
市光二村    ,335,2, 66.38
水月坊    ,485,2, 65.78
工农四村五街坊    ,540,2, 98.22
开鲁四村    ,320,2, 59.26
中环和润苑    ,455,2, 65.36
长白三村    ,300,2, 56.04
双辽新村    ,215,1, 33.01
国顺路310弄    ,320,2, 52.45
明月坊    ,478,2, 61.62
双阳二村    ,215,1, 38.28
政修路21号    ,210,1, 33.63
安居花苑    ,475,2, 81.54
控江路1197弄    ,390,1, 62.17
凤城三村    ,288,2, 42.32
纺平大楼小区    ,195,1, 45.74
双辽新村    ,218,1, 32.42
吴家浜小区    ,190,1, 30.5
控江四村    ,285,2, 47.9
延吉一村    ,340,2, 50.42
凤城五村    ,265,1, 40.62
凤城三村    ,230,1, 41.29
延吉东路137弄    ,345,2, 67.63
市光四村    ,213,1, 42.8
华润置地橡树湾    ,820,2, 88.68
飞虹路1047弄    ,375,2, 64.24
靖宇东路85弄    ,420,2, 77.7
鞍山三村    ,308,2, 47.23
林绿家园    ,440,2, 72.89
双阳路604弄    ,470,2, 65.5
阳阳公寓    ,390,2, 63.54
怡福苑    ,395,2, 58.49
控江路1200弄    ,290,1, 35.75
华升新苑    ,740,2, 93.6
黄兴路1019弄    ,365,3, 69.9
万佳苑    ,540,3, 92.28
飞虹路723弄    ,257,2, 46.13
仁恒怡庭    ,1650,3, 169.18
宝立公寓    ,542,2, 82.18
金鹏花园    ,525,2, 85.66
东银茗苑    ,884,3, 123.93
皇朝新城    ,677,3, 136.1
大运盛城    ,720,2, 112.05
市光二村    ,508,3, 100.9
控江东三村    ,510,3, 81.45
九龙仓玺园    ,3980,5, 498.74
莱茵半岛    ,775,3, 129.63
开鲁六村    ,285,2, 57.7
眉州路432弄    ,230,1, 42.55
阳明新城    ,575,3, 89.79
凤城六村    ,390,2, 57.16
浣沙三村    ,550,3, 93.47
鞍山一村第三小区    ,295,1, 40.25
辽源三村    ,260,1, 40
锦丽斯公寓    ,580,2, 91.73
公交新村    ,420,2, 58.3
崇业小区    ,570,3, 91.36
翔殷心秀    ,695,2, 104.34
延吉东路130弄    ,215,1, 35.79
国权路300弄    ,295,2, 49.22
双阳路109号    ,187,1, 36.23
保利香槟苑    ,950,3, 108.84
国定路555弄    ,235,2, 42.42
梅林小区    ,255,2, 55.37
鞍山四村第三小区    ,320,2, 49.66
控江路888弄    ,325,3, 50.39
霍兰公寓    ,508,2, 84.03
控江路1523号    ,240,1, 39.94
兴浦新村    ,258,2, 60.83
鞍山六村    ,180,1, 26.83
凤城三村    ,330,2, 51.87
合生江湾国际公寓    ,828,2, 110.97
控江路1197弄    ,530,3, 87.6
长阳新苑    ,810,2, 102.89
凤城三村    ,239,1, 40.44
城市方园    ,430,3, 87.42
国和一村    ,225,2, 47.77
延吉六村    ,265,1, 56.58
延吉中路320弄    ,293,2, 48.05
控江东三村    ,190,1, 33.98
益民小区    ,376,2, 70.99
益民小区    ,990,4, 165.68
昆明路1268弄    ,190,1, 38.97
鑫隆公寓    ,850,4, 167.6
凤六新苑    ,970,3, 141.53
贵人大厦    ,800,3, 135.9
浦江风景苑    ,1180,4, 161.72
建发璟墅    ,2148,4, 399
大运盛城    ,860,3, 119.43
银亿领墅    ,1800,4, 227
城市方园    ,415,3, 87.42
和平花苑    ,1068,3, 137.29
凤城三村    ,500,4, 76.52
保利香槟苑    ,1150,4, 119
长阳新苑    ,835,3, 114.74
金源佳苑    ,710,2, 100.86
眉州路515弄    ,200,1, 31.3
松花一村    ,238,2, 50.45
长海二村    ,343,2, 68.38
佳木斯路291号    ,540,3, 94.78
华元豪庭    ,1040,3, 127.59
张家浜小区    ,340,2, 54.37
彰武路120弄    ,345,1, 53.38
控江二村    ,208,1, 38.82
鑫隆公寓    ,535,2, 84.2
彰武大楼    ,300,1, 45.29
鞍山八村    ,340,2, 46.64
伊格尔公寓    ,480,2, 79.15
建新小区    ,358,2, 58.05
凤城三村    ,289,2, 50.81
凤城三村    ,155,1, 29.87
凤城三村    ,240,1, 47.08
建新小区    ,193,1, 33.26
凤城三村    ,205,1, 32.73
控江路26号    ,255,2, 49.99
飞虹路723弄    ,290,2, 52
银杨大厦    ,398,1, 67.26
控江路1200弄    ,295,1, 38.14
市光四村    ,195,1, 43
凤城四村    ,189,1, 31.02
鞍山八村    ,366,2, 50.14
开鲁六村    ,192,1, 41.87
长海路137弄    ,410,2, 75.52
沧州路180弄    ,355,2, 50.28
吴家浜小区    ,275,2, 43.79
凤城四村    ,202,1, 36.54
凤城五村    ,240,1, 40.62
控江小区    ,300,2, 40
鞍山三村    ,355,2, 47.23
市光三村    ,238,2, 48.44
长白三村    ,215,1, 39.27
政民路511弄    ,312,2, 54.73
凤凰大楼    ,610,2, 88.74
世界路99弄    ,240,2, 52.61
明园村小区    ,248,2, 38.45
密云小区    ,375,1, 32.4
凤城三村    ,330,2, 52.27
复旦教师公寓    ,228,1, 39.05
国和二村    ,340,2, 61.7
延吉五村    ,305,2, 53.97
浣沙三村    ,450,2, 64.1
仁恒怡庭    ,1990,5, 281.88
三湘世纪花城    ,825,3, 130.17
文化花园园中苑    ,950,3, 165.61
工农四村五街坊    ,380,2, 72.5
张家浜小区    ,330,2, 57.91
民星二村    ,315,2, 55.05
祥生御江湾(公寓)    ,1700,4, 180.21
金鹏花园    ,535,2, 85.66
合生高尔夫公寓    ,1300,3, 154.37
富天苑    ,980,3, 148
华润置地橡树湾    ,1900,5, 256.38
鞍山八村    ,210,1, 27.51
凤城路104弄    ,215,1, 39.79
书香银苑    ,985,3, 122.4
鞍山三村    ,690,3, 102.5
信通浦皓园    ,1025,3, 140.28
君欣豪庭    ,1238,3, 124.88
现代星洲城    ,990,3, 128.02
富天苑    ,980,3, 144.23
汇元坊    ,850,3, 131.86
华元豪庭    ,1150,3, 141.35
华润置地橡树湾    ,1940,4, 227.22
铁岭路10弄    ,800,3, 117
华元豪庭    ,1100,3, 140.88
英达苑    ,850,3, 114.7
华润置地橡树湾    ,1500,4, 273
控江二村107弄小区    ,485,4, 81.23
联升大厦    ,640,3, 118.18
宝钢又一村    ,760,3, 139.66
建发璟墅    ,1750,4, 307.15
建发璟墅    ,2280,4, 310
佳龙花园    ,1050,3, 123.11
公园3000黄兴花园    ,1090,3, 127.45
华元豪庭    ,1080,3, 141.35
皇朝新城    ,745,3, 122.79
文化花园清华苑    ,980,3, 155.57
文化花园清华苑    ,1080,3, 158.2
书香公寓    ,1448,3, 149.6
翡丽甲第    ,2560,4, 243
公园3000黄兴花园    ,1380,6, 188.63
韵都城    ,1200,5, 128.36
同济绿园    ,1290,4, 148.35
东银茗苑    ,860,3, 121.9
华润置地橡树湾    ,1950,4, 267
汇元坊    ,1150,3, 195.14
爱国二村    ,228,1, 51.59
安图新村    ,268,2, 47.09
仁缘坊    ,420,1, 59.21
控江路874弄    ,235,2, 44.54
武川路245弄    ,190,1, 34.22
长白三村    ,258,2, 51.2
国年路65弄    ,258,1, 41.73
建新小区    ,350,2, 57.36
汽车公寓小区    ,190,1, 33.9
汽车公寓小区    ,270,1, 39.69
控江路1455弄    ,190,1, 30.94
延吉东路82弄    ,165,1, 30.5
控江四村    ,185,1, 32.1
安图新村    ,177,1, 32.47
民星路350弄    ,320,1, 62.14
双辽新村    ,175,1, 29.74
市光三村    ,308,2, 63.04
水电新村    ,305,2, 67.14
梅林公寓    ,342,2, 63.08
仁德路150号    ,264,2, 50.96
凤城二村    ,268,1, 43.5
铁路新村(杨浦)    ,295,2, 51.15
沧州路160弄    ,578,2, 78.7
平凉路627弄    ,290,1, 43.34
沧州路180弄    ,439,2, 53
大连西路26弄    ,395,1, 37.17
凤城二村    ,200,1, 30.96
海上海新城(公寓)    ,650,1, 75.96
开鲁二村    ,265,2, 65.14
三湘世纪花城    ,690,2, 102.16
文化花园明珠苑    ,620,2, 88.72
市光一村    ,330,1, 58.14
鞍山四村第一小区    ,248,1, 37.39
华润置地橡树湾    ,800,2, 86.16
北茶园    ,280,1, 44.44
密云小区    ,400,1, 39.49
邯郸小区    ,340,2, 65.72
城市名园    ,305,1, 67.43
眉州路515弄    ,360,2, 56.51
工农四村星源绿苑    ,350,2, 70.79
鞍山一村    ,330,2, 49.57
沧州路180弄    ,320,1, 35.54
民星二村    ,290,1, 57.13
市光四村    ,210,1, 41.71
铁路新村(杨浦)    ,335,2, 56.18
市光四村    ,235,1, 49.05
控江西三村    ,210,1, 40.96
控江路2026弄    ,263,1, 35.7
盛世豪园(一期)    ,685,2, 99.16
城市名园    ,502,2, 113.27
铁岭路50弄    ,305,2, 41.77
鞍山六村    ,230,1, 33.17
凤城二村    ,195,1, 33.56
密云小区    ,418,1, 41.67
密云小区    ,420,1, 52
双辽新村    ,193,1, 34.61
凤城二村    ,170,1, 34.03
民星住宅小区    ,293,2, 59.46
长海二村    ,195,1, 40.56
延吉四村    ,505,2, 86.63
市光四村    ,175,1, 33.11
水电新村    ,335,2, 66.94
翔殷路505弄    ,455,2, 87.34
沧州路180弄    ,420,2, 54.47
财大小区    ,358,2, 59.31
市光一村    ,225,1, 41.33
公交新村    ,349,2, 46.16
珠江香樟南园    ,485,1, 57.8
兴浦新村    ,290,2, 66.39
松花一村    ,370,2, 66.95
工农二村    ,162,1, 35.39
眉州路515弄    ,228,1, 39.3
鹏程苑    ,285,1, 49.56
安图新村    ,184,1, 32.54
控江四村    ,250,2, 49.44
民星住宅小区    ,310,2, 62.05
控江路2026弄    ,265,1, 35.43
安居花苑    ,565,2, 92.3
新翔公寓    ,440,2, 86.92
新江浦公寓    ,605,2, 80.64
工农四村星源绿苑    ,360,2, 68.6
建新小区    ,280,2, 44.45
鞍山四村第一小区    ,289,2, 36.33
开鲁六村    ,192,1, 41.58
双花公寓    ,438,2, 64.43
益民小区    ,420,2, 67.39
中环和润苑    ,360,1, 50.86
世和园    ,350,1, 55.23
明月坊    ,440,2, 61.49
城市方园    ,339,2, 69.81
控江四村    ,280,2, 57.1
国和二村    ,215,1, 38.76
黄兴绿园    ,800,2, 101.12
阳阳公寓    ,690,3, 125.61
长隆住宅小区    ,439,3, 81.22
眉州路432弄    ,335,2, 52.73
华润置地橡树湾    ,1880,4, 206.54
铁岭路90弄    ,352,2, 56.41
汽车公寓小区    ,360,2, 61.27
控江路1200弄    ,530,2, 75.47
中原路99弄    ,225,2, 48.38
韵都城    ,760,2, 97.63
凤城六村    ,375,2, 59.87
金鹏花园    ,630,3, 101.17
江浦路1275弄    ,470,3, 73.8
明园大楼    ,450,2, 75.61
密云小区    ,530,2, 59.35
恒阳花苑    ,495,2, 66.15
恒阳花苑    ,840,3, 106.84
凤城二村    ,370,2, 67.83
中原路34弄    ,570,2, 83.6
文化佳园    ,850,2, 107.11
长华绿苑    ,500,2, 87.7
佳泰花园    ,830,3, 113.06
冶金公寓    ,540,2, 72.6
城市方园    ,314,2, 69.81
松花公寓    ,255,2, 59.99
市光三村    ,275,2, 51.01
双阳路50弄    ,425,2, 69.99
民星二村    ,176,1, 38.4
延吉东路131弄    ,189,1, 37.87
大连路1188弄    ,200,1, 38.93
白洋淀新村    ,177,1, 36.72
北茶园    ,265,1, 44.87
长白三村    ,150,1, 29.82
控江路1039弄    ,280,2, 46.74
富天苑    ,650,2, 96.72
幸福公寓    ,625,2, 100.75
控江路1200弄    ,296,1, 32.77
凤城三村    ,220,1, 34.39
东森花园    ,1095,3, 152.47
双辽新村    ,225,2, 35.14
建发江湾萃    ,1680,4, 236.04
海尚佳园    ,898,3, 119.37
幸福公寓    ,540,2, 91.03
文化花园明珠苑    ,650,2, 107.85
阳明新城    ,488,2, 74.93
铁岭路90弄    ,380,2, 56.9
双辽支路70弄    ,258,2, 42.9
阳光城•檀悦101    ,778,2, 70.69
鞍山三村    ,300,2, 48.94
信通浦皓园    ,770,2, 91.09
密云小区    ,399,1, 40
文化花园清华苑    ,800,3, 124.21
凤城二村    ,320,2, 56
城市名园    ,595,3, 135.94
三门路358弄    ,210,1, 43.2
市京一村    ,415,3, 74.58
引翔港小区    ,430,2, 70.66
松花一村    ,373,2, 66.49
中业大楼    ,430,2, 70.03
控江东三村    ,285,2, 51
浣纱五村    ,540,2, 89.71
宝立公寓    ,745,3, 150.13
控江五村    ,153,1, 33.14
控江路1458号    ,195,1, 37.8
长阳新苑    ,640,2, 86.54
永吉路97弄    ,205,1, 30.84
延吉三村    ,189,1, 35.49
延吉中路117弄    ,196,1, 33
凤城路104弄    ,280,2, 54.6
北茶园    ,260,1, 41
双辽新村    ,177,1, 31.36
城市方园    ,433,3, 87.03
双辽支路70弄    ,180,1, 33.64
阳明新城    ,520,2, 74.93
建德国际公寓    ,780,3, 112.56
昆明路1268弄    ,220,1, 36.99
国富苑    ,626,2, 115
凤城二村    ,325,2, 56.62
国中公寓    ,750,3, 143.91
阳明苑    ,838,2, 98.38
新江湾佳苑    ,1100,3, 131.08
凤城六村    ,310,1, 48.64
大众花苑    ,410,2, 63.19
尚浦名邸    ,1640,3, 191.2
珠江香樟南园    ,715,2, 91.97
汽车公寓小区    ,315,2, 51.48
双辽支路70弄    ,285,2, 49.72
黄兴路118号    ,425,2, 78.53
百兴花园    ,470,2, 81.17
新江湾城雍景苑    ,1300,4, 167.65
尚浦名邸    ,1250,2, 133
绿地海珀璞晖    ,1095,4, 207
市光二村    ,353,2, 71.66
翔殷路627弄    ,298,2, 49.32
开鲁路286弄    ,369,3, 91.03
金鹏花园    ,535,2, 85.68
城市名园    ,510,2, 113.27
鞍山三村    ,270,1, 48.94
建设新苑    ,675,2, 94.59
中原路99弄    ,240,2, 46.04
国定路601弄    ,280,2, 51.54
国定路601弄    ,368,2, 56.94
三湘世纪花城    ,730,3, 123.03
延吉中路117弄    ,235,2, 41.95
鞍山四村第二小区    ,278,1, 39.03
密云小区    ,428,1, 45.07
鞍山八村    ,265,1, 35.23
文化佳园    ,918,3, 115.14
密云小区    ,495,2, 53.4
文化花园清华苑    ,850,3, 127.68
国定路600弄    ,205,1, 34.87
长阳路1900弄    ,267,2, 46.23
殷行一、二村    ,235,2, 48.84
延吉七村    ,225,1, 43.92
创智坊(公寓)    ,680,2, 86.31
铁路新村(杨浦)    ,330,2, 51.66
殷行路310弄    ,168,1, 37.01
永安小区(杨浦)    ,225,1, 39.81
国和二村    ,205,1, 42.2
鞍山五村    ,285,1, 44
市光四村    ,299,2, 54.1
控江路888弄    ,360,3, 59.98
延吉七村    ,205,1, 35.6
控江路888弄    ,176,1, 31.54
双辽新村    ,180,1, 35.14
平凉小区    ,383,2, 81.31
市光三村    ,260,2, 51.53
嘉誉湾    ,1750,4, 210.85
控江路874弄    ,298,2, 51.78
白洋淀新村    ,195,1, 40.51
国和一村    ,215,1, 39.97
中原路99弄    ,220,1, 43.3
市光四村    ,365,2, 67.61
广杭苑    ,610,2, 95.31
水电新村    ,320,2, 67.14
国定路600弄    ,340,2, 58.78
密云小区    ,485,2, 66.8
北茶园    ,285,1, 46.39
台益公寓    ,695,2, 114.47
工农二村    ,190,1, 41.74
双阳公寓    ,980,3, 134.71
双辽支路70弄    ,255,2, 53.73
民星二村    ,220,1, 53.17
东田公寓    ,585,2, 83.85
同济欣苑    ,498,3, 77.28
松花江路123弄    ,505,2, 86.47
延吉东路125弄    ,330,2, 57.76
城建小区    ,535,3, 74.88
九龙仓玺园    ,2450,4, 303.4
凤城二村    ,537,3, 67.87
铁岭路90弄    ,490,2, 69.5
市光四村    ,208,1, 43.2
凤城二村    ,340,2, 51.85
怡佳苑    ,245,1, 47.15
加州水郡    ,990,2, 113.24
泰鸿苑    ,670,2, 96.09
佳木斯路303号    ,265,1, 53.9
凤城五村    ,320,2, 54.51
国和苑    ,283,2, 56.99
文通雅苑    ,1180,3, 130.69
锦杨苑    ,720,2, 98.48
绿地海珀璞晖    ,980,3, 100.14
上海大花园    ,750,2, 111.29
泰鸿苑    ,690,2, 97
益民小区    ,390,2, 65.5
锦丽斯公寓    ,585,2, 92.51
辽源三村    ,240,1, 38.78
现代星洲城    ,810,2, 95.06
金鹏花园    ,410,2, 61.61
辽源三村    ,475,3, 74.22
怀德路866号    ,365,3, 62.16
珠江香樟南园    ,1130,4, 141.87
霍兰公寓    ,380,2, 54.85
文化花园清华苑    ,800,3, 124.3
双阳公寓    ,640,3, 106.68
荣丰花园    ,475,1, 65.67
新江湾佳苑    ,1120,3, 143.19
平凉小区    ,460,2, 84
文化花园清华苑    ,750,2, 98.76
永安小区(杨浦)    ,218,1, 38.25
阳光城滨江悦    ,1258,3, 106
凤城六村    ,420,2, 63
宁武小区    ,385,2, 62.43
凤城二村    ,235,1, 42.49
辽源四村    ,320,2, 51.2
益民小区    ,378,2, 67.39
锦都玫瑰园    ,820,3, 138.85
图们小区    ,335,2, 52.41
飞虹路723弄    ,335,2, 50.29
惠民路714弄    ,360,2, 58.61
福阳大厦    ,580,2, 95.04
控江路1455弄    ,330,2, 57.19
同济新村    ,580,2, 65.02
控江路1203号    ,350,2, 62.75
双辽新村    ,288,2, 47.41
松益公寓    ,570,2, 91.28
金上海家园    ,1170,3, 140.16
控江路1455弄    ,303,2, 57.19
北茶园    ,274,1, 42.58
莱茵半岛    ,808,3, 131.12
新江湾城雍景苑    ,1380,4, 190.11
泰鸿苑    ,850,3, 118.06
控江二村107弄小区    ,265,1, 47.21
嘉誉湾    ,1620,4, 192.38
百兴花园    ,510,2, 84.13
凤城六村    ,570,2, 91.34
双阳路604弄    ,659,3, 94.51
圣骊河滨苑    ,710,2, 85.84
新凤城    ,850,2, 102.47
江浦路1275弄    ,320,2, 47.99
大运盛城    ,738,2, 101.05
延吉一村    ,305,2, 50.42
锦西路63弄    ,360,2, 48.5
铁路新村(杨浦)    ,320,2, 50.62
辽源三村    ,450,3, 65.99
三门路358弄    ,468,3, 104.72
双辽新村    ,245,1, 43.12
航天小区    ,370,2, 63.36
东森花园    ,1250,4, 165.29
文化花园清华苑    ,788,3, 124.3
加州水郡    ,1380,3, 162.34
凤城四村    ,336,2, 56.71
国中公寓    ,720,3, 150
怡福苑    ,665,3, 98.42
嘉誉湾    ,1850,4, 218.58
创智坊(公寓)    ,1080,3, 127.6
开鲁路286弄    ,410,2, 84.74
辽阳大楼    ,450,2, 74.43
阳明新城    ,605,3, 89.79
鞍山三村    ,320,2, 48.94
台益公寓    ,620,3, 118.79
市光一村    ,420,2, 77.98
凤城二村    ,290,2, 56
九龙仓玺园    ,1600,3, 186
正文花园(二期)    ,798,3, 142.7
怡福苑    ,675,3, 102.61
怡福苑    ,745,3, 111.8
浣纱四村    ,590,3, 102
国定路600弄    ,230,1, 47.5
明园大楼    ,293,1, 46.6
益晖新苑    ,529,2, 80.91
市光四村    ,208,1, 41.83
兴浦新村    ,192,1, 48.43
控江路1455弄    ,720,4, 158.41
世界路91弄    ,678,3, 123.17
新凤城    ,815,2, 96.97
汽车公寓小区    ,355,2, 58.73
铁岭路50弄    ,398,2, 55.05
密云小区    ,380,1, 35.09
九龙仓玺园    ,1500,3, 158.2
营口路788弄    ,520,2, 71
控江二村    ,218,1, 39.8
国权路300弄    ,315,2, 48.82
中原路99弄    ,210,1, 43.23
明月坊    ,480,2, 70.39
控江四村    ,160,1, 30.55
鞍山四村第三小区    ,310,1, 47.38
江湾翰林    ,1850,4, 198.23
本溪路149弄    ,176,1, 23.08
控江路1525弄    ,195,1, 34.07
沧州路160弄    ,398,1, 53.46
大运盛城    ,770,3, 113.18
凤城二村    ,194,1, 32
双阳路594弄    ,410,2, 53.05
控江路1209号    ,430,2, 75.01
杭州路235号    ,400,2, 71.8
吴家浜小区    ,350,2, 55.08
延吉一村    ,210,1, 32
延吉五村    ,205,1, 36.23
荣丰花园    ,335,1, 53
现代星洲城    ,850,2, 106.57
金鹏花园    ,525,2, 85.66
市光四村    ,198,1, 43.65
铁岭路90弄    ,480,3, 68.81
控江二村107弄小区    ,398,2, 77.64
凤凰大楼    ,660,2, 110.44
海尚佳园    ,1000,3, 140.8
水电新村    ,325,2, 67.48
金鹏花园    ,558,3, 96.6
平盛苑    ,895,3, 125.14
控江路1209号    ,408,2, 75.01
邯郸小区    ,470,3, 92.35
控江路1200弄    ,705,3, 123.74
松花江路95弄    ,550,3, 88.27
伊东苑    ,700,2, 90.19
宝钢又一村    ,780,3, 134.26
黄兴绿园    ,870,3, 113
安波路200弄    ,720,3, 112.62
大连西路40弄    ,712,3, 100.82
和平花苑    ,1100,3, 137.67
中凯城市之光(新江湾)    ,960,3, 110.48
望春都市家园    ,990,3, 139.72
新翔公寓    ,590,3, 129.06
明园村小区    ,310,2, 58.96
三湘七星府邸    ,1580,3, 207
江浦路1275弄    ,495,3, 67.08
密云小区    ,440,1, 42.25
宝地东花园    ,890,2, 99.21
恒阳花苑    ,635,2, 82.47
控江四村    ,147,1, 33.27
林厦小区    ,313,2, 60
长白三村    ,368,3, 70.74
铁路新村(杨浦)    ,330,2, 53.09
国年路160弄    ,330,2, 51.93
市光四村    ,169,1, 37.47
皇朝新城    ,750,2, 120.67
控江路888弄    ,218,1, 42.04
鹏程苑    ,400,2, 81.38
城市名园    ,500,2, 113
同济北苑    ,576,2, 82.36
众和金融大厦    ,750,3, 127.03
鞍山四村第二小区    ,292,1, 49.11
凤城三村    ,183,1, 34.36
工农新村小区    ,280,2, 53.43
中王小区    ,560,2, 82.72
国顺路389弄    ,239,1, 38.28
延吉四村    ,220,1, 35.91
政通路250弄    ,205,1, 30.95
工农二村    ,176,1, 40.7
国和二村    ,205,1, 41.44
延吉中路117弄    ,185,1, 36.2
延吉东路323号    ,140,1, 26.44
控江路645弄    ,188,1, 31.87
控江路1455弄    ,190,1, 33
密云小区    ,429,1, 42.25
双阳路594弄    ,400,2, 51
市京一村    ,335,2, 72.32
双阳路604弄    ,515,2, 68.85
延吉五村    ,180,1, 35.72
控江五村    ,345,2, 56.74
凤城五村    ,350,2, 52.58
新江湾城雍景苑    ,630,1, 85.51
双阳路50弄    ,325,2, 54.3
延吉七村    ,290,2, 50.21
铁路新村(杨浦)    ,208,1, 36.87
辽源一村    ,300,2, 46.25
汇丰苑    ,428,2, 59.75
三峰大厦    ,550,2, 96.36
图们小区    ,220,1, 37.21
长海一村    ,195,1, 39.24
工农三村    ,203,1, 42.63
凤城三村    ,350,2, 56.28
中原路34弄    ,520,2, 83.14
双阳大楼    ,460,2, 84.94
广杭苑    ,580,2, 85
铁路新村(杨浦)    ,345,2, 51
林绿家园    ,348,2, 46.36
公安大楼(杨浦)    ,420,2, 63.49
和平公寓    ,650,2, 99.83
皇朝新城    ,640,3, 113.04
怡佳苑    ,340,2, 64.76
浦江天第苑    ,850,2, 105.56
双阳路490弄    ,466,2, 59.97
国和苑    ,185,1, 39.56
恒阳花苑    ,418,1, 52.84
同济新村    ,500,2, 52.44
松益公寓    ,470,2, 86.92
申泉小区    ,404,2, 59.09
广杭苑    ,735,2, 106.82
皇朝新城    ,720,3, 132.1
城市丽园    ,890,2, 115.27
凤城四村    ,235,1, 40.45
航天小区    ,363,2, 55.89
凤城三村    ,270,1, 40.37
三峰大厦    ,700,3, 119.5
延吉六村    ,323,1, 56.85
三门路510弄    ,210,1, 48.53
涵碧景苑    ,1000,3, 136.22
富天苑    ,745,3, 105.7
鞍山七村    ,700,3, 116.32
航天小区    ,252,1, 46.37
财大小区    ,195,1, 31.2
新江湾城雍景苑    ,1266,4, 173
莱茵半岛    ,785,3, 132.73
凤城六村    ,265,1, 41.32
申通公寓    ,565,2, 93.01
政立小区    ,630,3, 111.77
国和一村    ,495,3, 95.49
黄兴绿园    ,860,3, 124.35
建发公园首府    ,1100,3, 116.85
新江湾时代花园    ,680,2, 87.34
怡福苑    ,395,1, 58.48
沧州路180弄    ,320,1, 35.9
松花一村    ,148,1, 30.54
铁岭路50弄    ,340,2, 51.57
市光四村    ,320,2, 53.56
长恒苑    ,730,3, 110.05
耀浦苑    ,950,3, 124.99
图们小区    ,205,1, 39.08
凤城三村    ,172,1, 36.35
涵碧景苑    ,1200,4, 166.11
新江湾佳苑    ,1120,3, 143.19
财大小区    ,450,3, 71.68
众和金融大厦    ,750,3, 127.03
长海二村    ,288,2, 52.92
市光四村    ,296,2, 57.38
鞍山八村    ,400,2, 55.55
华润置地橡树湾    ,2150,5, 302.73
凤城路104弄    ,308,2, 56.63
加州水郡    ,1850,4, 245
飞帆大楼    ,305,1, 59
国和一村    ,260,2, 54.43
本溪路165弄    ,420,2, 53.34
华润置地橡树湾    ,760,2, 85.42
沧州路180弄    ,420,2, 54.47
东田公寓    ,555,2, 104.52
延吉七村    ,205,1, 35.6
控江四村    ,270,2, 49.58
凤城三村    ,170,1, 29.82
靖宇东路25弄    ,295,2, 50.4
国和二村    ,230,1, 44.7
延吉一村    ,308,2, 50.07
市光三村    ,178,1, 44.97
隆昌路468弄    ,270,2, 48.94
长海二村    ,210,1, 41.48
市光一村    ,345,2, 65.87
鞍山六村    ,268,1, 42.47
鞍山四村第一小区    ,253,1, 36.11
延吉四村    ,290,2, 50.29
市京一村    ,249,2, 46.97
江浦路2009弄    ,215,1, 32.13
鞍山四村第一小区    ,250,1, 37.48
民星一村    ,177,1, 41.12
延吉四村    ,210,1, 34.35
民星路600弄    ,188,1, 40.2
双辽新村    ,188,1, 31.34
工农三村    ,195,1, 39.69
市光三村    ,205,2, 37.34
仁德路152弄    ,375,2, 73.88
民星二村    ,230,1, 42.39
市光三村    ,306,2, 56.74
黄兴路1019弄    ,215,1, 36.77
唐山路1280弄    ,220,1, 38.32
长白路181号    ,180,1, 34.77
工农二村    ,305,2, 69.43
市光四村    ,230,1, 43.5
市光一村    ,265,1, 50.37
长阳路2330号    ,275,2, 45.35
双辽新村    ,185,1, 30.63
工农三村    ,260,1, 48.39
凤城六村    ,755,3, 111.7
鞍山八村    ,325,2, 46.69
林绿家园    ,200,1, 32.74
财大小区    ,405,2, 70.11
幸福村小区    ,228,1, 38.35
城市方园    ,305,2, 69.74
明月坊    ,380,1, 52.07
安居花苑    ,490,2, 74.78
中环和乐苑    ,352,1, 52.5
创智坊(公寓)    ,516,1, 67.07
开鲁四村    ,450,3, 100.94
延吉七村    ,212,1, 39.5
幸福村小区    ,215,1, 40.49
大连路1188弄    ,320,2, 53.24
市光四村    ,290,2, 53.58
汽车公寓小区    ,278,2, 49.92
开鲁路382弄    ,180,1, 41.54
唐山路1380弄    ,206,1, 37.36
控江东三村    ,413,2, 71.72
明丰苑    ,498,2, 75.44
眉州路515弄    ,270,2, 46.75
控江四村    ,275,2, 47.9
民星住宅小区    ,450,3, 87.28
凤城二村    ,320,2, 54.12
永吉路97弄    ,250,1, 41.4
市光三村    ,220,1, 41.27
延吉七村    ,210,1, 35.6
政民路230弄    ,305,2, 53.4
引翔港小区    ,310,2, 50.92
海鸿公寓    ,800,4, 139.33
沧州路180弄    ,310,1, 37.54
民星一村    ,420,2, 78.17
双阳路50弄    ,550,3, 92.3
银河苑    ,680,2, 90.1
辽源四村    ,200,1, 30.26
靖宇南路5弄    ,330,1, 31.77
皇朝新城    ,770,3, 132.1
国中公寓    ,760,2, 141.76
皇朝新城    ,795,3, 132.1
兴浦新村    ,290,2, 70.96
航天小区    ,490,3, 78.2
现代星洲城    ,1030,3, 132.4
城市丽园    ,715,2, 96.87
控江路2026弄    ,420,2, 53.6
皇朝新城    ,780,3, 136.1
辽海小区    ,490,2, 65.46
莱茵半岛    ,810,2, 132.73
皇朝新城    ,755,2, 121.65
霍兰公寓    ,495,2, 77.6
长恒苑    ,687,3, 111.51
平凉路627弄    ,260,1, 41.37
东方名城    ,870,3, 130.25
文化佳园    ,1120,4, 165.52
银河苑    ,560,2, 99.57
三门路510弄    ,280,1, 57.71
盛世豪园(二期)    ,1050,3, 122.82
明丰苑    ,498,2, 75.08
控江东三村    ,440,2, 76.36
嘉誉湾    ,1930,4, 201
开鲁三村    ,345,3, 67.91
九州花苑    ,680,4, 108.65
民星二村    ,260,2, 59.7
开鲁二村    ,485,2, 91
海尚佳园    ,800,2, 92.61
延吉六村    ,420,2, 69.82
鞍山六村    ,220,1, 38
三门路358弄    ,200,1, 40.88
双阳一村    ,333,2, 64.05
控江路1200弄    ,690,3, 124.36
锦杨苑    ,615,2, 77.63
复旦第二宿舍    ,465,3, 66.7
延吉六村    ,290,2, 50.12
凤城六村    ,270,1, 41
创智坊(公寓)    ,1180,3, 136.98
市光三村    ,230,2, 47.76
盛世豪园(二期)    ,1200,3, 133
汽车公寓小区    ,280,2, 48.51
松花江路223弄    ,212,1, 42.36
幸福公寓    ,495,2, 82.99
鞍山四村第二小区    ,233,1, 36.41
延吉东路131弄    ,235,1, 41.25
市光一村    ,320,2, 61.67
三门路358弄    ,273,2, 56.27
工农二村    ,319,2, 70.85
申通公寓    ,490,2, 83.74
创智坊(公寓)    ,1380,4, 173.73
密云小区    ,395,1, 37.17
国年路102弄    ,225,1, 40.68
台益公寓    ,500,2, 79.47
市光三村    ,240,2, 48.44
五彩星辰    ,570,2, 100.2
凤凰大楼    ,605,2, 90.13
崇业小区    ,545,2, 70.1
申通公寓    ,470,2, 83.27
控江东三村    ,230,2, 39.7
控江东三村    ,310,2, 50.81
东方名城    ,600,2, 92.81
延吉东路130弄    ,395,3, 77.14
政立路830弄    ,335,2, 57.3
林绿家园    ,1080,3, 143.16
和平花苑    ,780,2, 101.87
恒阳花苑    ,598,2, 84.53
延吉三村    ,295,2, 49.8
恒阳花苑    ,800,3, 106.68
市光四村    ,310,2, 60.08
凤城三村    ,275,2, 45.61
民星二村    ,320,2, 55.75
申通公寓    ,510,2, 83.74
珠江香樟园    ,870,3, 127.09
密云小区    ,417,1, 39.66
靖宇东路85弄    ,525,2, 91.43
水电新村    ,275,2, 67.49
百兴花园    ,470,2, 64.98
政熙路68弄    ,630,3, 97.18
城市名园    ,485,2, 106.68
靖宇南路5弄    ,448,2, 53.89
秦家弄小区    ,390,2, 60.52
林绿家园    ,635,3, 91.73
上海大花园    ,695,2, 96.5
九龙仓玺园    ,1500,3, 161.6
松花江路95弄    ,259,2, 55.18
国和苑    ,360,2, 59.37
浣纱四村    ,445,2, 66.97
国和二村    ,355,3, 64.07
控江五村    ,442,2, 69.08
控江五村    ,205,1, 37.49
恒阳花苑    ,625,2, 84.08
北茶园    ,260,1, 41.06
泰鸿新苑    ,969,2, 121.09
北茶园    ,438,2, 61.78
广杭苑    ,630,2, 90.26
中通公寓    ,1020,3, 155.44
汇元坊    ,990,3, 132.51
平凉小区    ,415,2, 81.44
皇朝新城    ,715,2, 122.79
双阳一村    ,218,1, 41.94
恒阳花苑    ,515,2, 66.15
包头路902弄    ,500,2, 94.51
凤城四村    ,329,2, 56.71
延吉东路315弄    ,315,3, 61.97
明园村小区    ,405,3, 57.9
控江路1039弄    ,400,2, 62.23
密云小区    ,502,2, 56.11
恒阳花苑    ,625,2, 86.85
凤城五村    ,318,2, 52.12
合生江湾国际公寓    ,980,3, 124.85
开鲁一村    ,368,3, 72.59
控江四村    ,278,2, 50.62
公交新村    ,415,2, 62.84
铁路新村(杨浦)    ,340,2, 53.9
明和苑    ,670,2, 102.07
宝钢又一村    ,560,1, 81.88
鞍山路215弄    ,285,1, 44.04
抚顺路363弄    ,420,2, 58.43
泰鸿苑    ,695,2, 96.8
控江路2026弄    ,390,2, 49.9
伊东苑    ,730,2, 85.7
辽源一村    ,385,2, 60.66
长阳新苑    ,750,2, 102.89
包头路902弄    ,540,3, 95.37
佳泰花园    ,970,3, 132.79
公安大楼(杨浦)    ,408,2, 67.46
航天小区    ,470,3, 76.85
和平花苑    ,630,2, 85.66
三湘世纪花城    ,930,3, 159.6
杭州路87弄    ,380,2, 56.1
宝钢又一村    ,628,2, 99.69
双阳公寓    ,650,3, 106.72
张家浜小区    ,355,2, 53
眉州路515弄    ,273,1, 43.35
张家浜小区    ,330,2, 56
铁路新村(杨浦)    ,290,2, 51.15
广杭苑    ,405,1, 58.3
控江四村    ,308,3, 66.93
三门路510弄    ,208,1, 40.42
大连路1188弄    ,305,2, 48.19
明丰苑    ,500,2, 72.19
耀浦苑    ,1150,3, 144.29
锦西路63弄    ,325,2, 48.2
控江路645弄    ,315,2, 54.85
华升公寓    ,650,2, 96.41
市京一村    ,315,2, 60.67
盛世豪园(二期)    ,720,2, 84.97
海上硕和城    ,1120,2, 108.74
合生高尔夫公寓    ,880,2, 97.37
东上海中心    ,688,3, 101.15
幸福村小区    ,310,2, 57.37
北茶园    ,380,2, 57.36
大运盛城    ,630,2, 95.54
长恒苑    ,680,3, 116.76
延吉东路131弄    ,315,2, 57.34
宝钢又一村    ,678,2, 99.61
浣纱四村    ,530,2, 80.97
望春都市家园    ,750,2, 86.38
海上海新城(公寓)    ,1070,2, 124
尚浦名邸    ,1850,4, 249
控江一村    ,720,2, 90.35
大众花苑    ,412,2, 66.01
润地华庭    ,980,2, 103.27
盛世豪园(一期)    ,700,2, 98.2
开鲁二村    ,480,3, 93.11
珠江香樟园    ,768,3, 99
控江路1200弄    ,310,1, 36.4
台益公寓    ,612,3, 111.88
凤凰大楼    ,608,2, 101.47
怡福苑    ,590,2, 80.8
凤城四村    ,265,2, 47
樟树缘公寓    ,575,2, 85.39
三门路510弄    ,202,1, 40.42
富天苑    ,1050,3, 144.23
控江四村    ,380,2, 70.06
张家浜小区    ,310,2, 48.33
富天苑    ,750,3, 102.24
控江一村    ,700,2, 90.35
海上硕和城    ,930,2, 108.74
榆林路222弄    ,340,2, 45.7
长隆住宅小区    ,215,1, 39.22
宁武路501号    ,218,1, 38.43
双阳一村    ,201,1, 33.67
延吉一村    ,202,1, 32.83
长白三村    ,179,2, 37.21
凤城三村    ,175,1, 34.65
国权路333弄    ,200,1, 35.57
鹏程苑    ,615,3, 123.56
和平花苑    ,1100,3, 134.53
海上硕和城    ,960,3, 120.3
创智坊(公寓)    ,672,2, 89
国顺路400弄    ,208,1, 32.99
创智坊(公寓)    ,795,2, 113.78
控江四村    ,160,1, 28.37
控江五村    ,135,1, 25.12
控江东三村    ,290,2, 51.67
汽车公寓小区    ,220,1, 37.18
国和二村    ,315,2, 61.97
凤城二村    ,398,2, 70.1
广杭苑    ,540,2, 87.77
汇元坊    ,875,3, 134.39
东方家园    ,365,1, 45.85
文化佳园    ,920,3, 117.24
银鹿大厦    ,608,2, 89.4
民星二村    ,203,1, 42.24
工农二村    ,398,2, 84.74
控江一村    ,530,2, 69.29
大众花苑    ,392,2, 65.87
兰花新村    ,285,2, 48.57
韵都城    ,1350,6, 172
浣纱四村    ,410,2, 70.45
民星一村    ,165,1, 42.4
仁恒怡庭    ,2600,4, 336.7
政民路230弄    ,205,1, 34.28
殷行路310弄    ,200,1, 41.79
延吉中路320弄    ,220,1, 33.83
眉州路420弄    ,300,2, 52
松花一村    ,250,2, 48.2
长阳路1289号    ,240,2, 43.97
沈家桥小区    ,260,2, 50.19
控江路645弄    ,199,1, 40.88
梅林公寓    ,290,1, 53.64
兴浦新村    ,210,1, 47.21
市光四村    ,190,1, 40.39
飞虹路1047弄    ,260,2, 47.49
中轩丽苑    ,690,2, 92
殷行一、二村    ,225,2, 50.62
张家浜小区    ,270,2, 42.67
霍兰公寓    ,490,2, 77.59
引翔港小区    ,285,2, 49.89
鞍山四村第三小区    ,309,2, 49.66
松花江路223弄    ,203,1, 42.08
控江路680弄    ,208,1, 41.41
水电新村    ,320,2, 62.72
长阳路1900弄    ,270,2, 45.79
双阳二村    ,300,2, 47.57
控江路874弄    ,260,1, 43.3
兴浦新村    ,290,2, 63.59
延吉东路131弄    ,195,1, 37.87
唐山路1380弄    ,230,1, 40.6
双辽路200弄    ,229,1, 35.9
控江路740弄    ,230,1, 39.01
安居花苑    ,315,1, 56.67
水电新村    ,320,2, 68.57
市光一村    ,330,2, 58.32
凤城三村    ,245,1, 41.39
开鲁一村    ,198,1, 41.23
益民小区    ,308,1, 53.3
创智坊(公寓)    ,555,1, 71.62
控江路1197弄    ,310,2, 50.8
张家浜小区    ,185,1, 35.21
控江四村    ,270,1, 39.13
双阳路604弄    ,429,2, 62.8
殷行一、二村    ,253,2, 50.64
兴浦新村    ,215,1, 48.24
江浦路755号    ,265,1, 47.29
控江路680弄    ,295,1, 46
市光四村    ,293,2, 55
民星住宅小区    ,440,2, 86
市光三村    ,230,2, 48.44
控江西三村    ,293,2, 51
抚顺路363弄    ,360,2, 47.15
秦家弄小区    ,258,1, 41.23
永安小区(杨浦)    ,199,1, 32.54
四平路2100弄    ,330,2, 50.16
张家浜小区    ,205,1, 30.89
益民小区    ,530,2, 98.02
松花一村    ,225,2, 44.19
殷行一、二村    ,160,1, 36.25
控江四村    ,295,2, 50.62
长阳路2320号    ,225,2, 45.36
控江四村    ,235,2, 39.54
控江二村    ,325,1, 44.88
开鲁四村    ,298,2, 63.98
延吉东路131弄    ,235,1, 43.74
引翔港小区    ,220,1, 36.12
海鸿公寓    ,480,2, 77.18
市光四村    ,222,1, 39.73
开鲁四村    ,330,2, 57.3
双辽新村    ,190,1, 31.49
控江路1039弄    ,255,1, 43.62
军工路周家    ,215,1, 43.55
工农新村小区    ,310,2, 65.09
百兴花园    ,345,1, 49.46
控江路1203号    ,430,2, 75.15
控江路1197弄    ,215,1, 37.63
鞍山六村    ,280,1, 44
长白新城    ,615,2, 78.81
双辽路155弄    ,235,1, 38.79
凤城二村    ,383,3, 52.5
中环和乐苑    ,440,2, 66.45
江浦路120号    ,430,2, 67
平凉小区    ,335,2, 62.71
国定路600弄    ,330,2, 55.4
新中源大楼    ,550,2, 91.12
财大小区    ,361,2, 59.5
富天苑    ,660,2, 92.18
昆明路1268弄    ,330,2, 52.42
财大小区    ,435,2, 71.07
永安小区(杨浦)    ,225,1, 39.81
市光三村    ,350,2, 65.55
双阳公寓    ,570,2, 85.35
安居花苑    ,365,2, 60.72
殷行路310弄    ,210,2, 45.6
国顺路300弄    ,320,2, 51.48
延吉七村    ,228,1, 43.92
长海路137弄    ,395,2, 69.68
益民小区    ,520,2, 92.92
白洋淀新村    ,345,2, 66.03
引翔港小区    ,180,1, 34.67
翔殷路771号    ,189,1, 38.85
双阳路490弄    ,360,1, 45.28
珠江香樟南园    ,460,1, 57.8
辽源公寓    ,265,2, 50.39
三门路358弄    ,195,1, 42.38
浣纱四村    ,370,2, 56.44
民星二村    ,275,2, 55.17
市京一村    ,318,2, 60.3
市光二村    ,315,2, 68.26
工农三村    ,200,1, 38.04
开鲁路286弄    ,320,2, 67.72
市京一村    ,218,1, 46.21
荣丰花园    ,615,2, 102.78
沧州路180弄    ,485,3, 65.57
润地华庭    ,920,2, 98
延吉东路82弄    ,180,1, 25.5
双阳大楼    ,425,2, 73.28
双辽新村    ,195,1, 30.63
延吉二村    ,310,2, 51.5
国和一村    ,215,1, 40.61
城市名园    ,515,2, 92.73
控江路896弄    ,335,2, 59.7
控江路802弄    ,295,2, 49.91
梅林小区    ,275,2, 55.49
控江五村    ,470,2, 82
延吉五村    ,270,2, 50.19
张家浜小区    ,260,2, 42.67
海杨公寓    ,655,2, 107.73
辽源四村    ,248,1, 41.66
长阳新苑    ,840,4, 147.6
延吉东路82弄    ,155,1, 27.11
荣丰花园    ,595,2, 93.14
长海二村    ,256,2, 56.1
大连路1188弄    ,305,2, 50.88
文化名园    ,455,2, 65.73
国和一村    ,260,2, 54.43
工农三村    ,238,1, 48.09
靖宇东路85弄    ,359,1, 58.53
市光一村    ,215,1, 41
水电新村    ,207,2, 47.98
工农三村    ,230,1, 48.92
延吉七村    ,240,1, 43.92
双花公寓    ,400,2, 70.39
凤城三村    ,226,1, 40.77
圣骊河滨苑    ,705,2, 83.81
国年路25弄    ,225,2, 45.26
殷行路571弄    ,169,1, 40.55
康阳小区    ,599,2, 89.82
民星二村    ,168,1, 38.4
沧州路160弄    ,620,2, 82.99
控江东三村    ,210,1, 41.02
市光四村    ,365,2, 72.59
国和二村    ,330,2, 62.03
新江湾城雍景苑    ,817,3, 146.61
世和园    ,460,2, 72.93
国年路102弄    ,300,2, 44.28
民星二村    ,280,2, 56.31
控江五村    ,183,1, 36.84
延吉五村    ,220,1, 39.5
工农三村    ,300,2, 57.9
工农三村    ,205,1, 41
双阳路594弄    ,390,2, 52.97
申通公寓    ,490,2, 78.48
双阳路50弄    ,423,2, 69.9
双阳路101弄    ,202,1, 37.36
新江湾城雍景苑    ,1210,4, 174.23
延吉七村    ,295,2, 50.21
凤城六村    ,275,1, 41
书香公寓    ,1100,3, 120.57
幸福村小区    ,169,1, 33.52
市京一村    ,192,1, 41.87
凤城三村    ,160,1, 30.96
长白三村    ,215,1, 34.95
公安大楼(杨浦)    ,268,1, 46.41
鞍山一村    ,190,1, 24.91
市光四村    ,165,1, 36.65
铁路新村(杨浦)    ,235,1, 41.05
引翔港小区    ,216,1, 34.28
双阳路604弄    ,460,2, 66.13
南茶园    ,555,2, 94.81
翔殷四村    ,290,1, 49.61
开鲁六村    ,180,1, 41.49
延吉东路315弄    ,200,2, 42
市光二村    ,170,1, 41.4
市光二村    ,350,2, 75.4
图们小区    ,280,1, 53.18
幸福公寓    ,220,1, 38.31
控江四村    ,180,1, 35.48
双阳小区    ,465,2, 85
敦化路4弄    ,170,1, 33.59
唐山路1380弄    ,230,1, 37.99
开鲁三村    ,178,1, 42.62
工农三村    ,225,1, 43.23
延吉五村    ,272,2, 50.12
兴浦新村    ,210,1, 49.94
唐山路1380弄    ,235,1, 40.41
民星二村    ,178,1, 42.39
靖宇东路25弄    ,330,2, 55
双花公寓    ,496,2, 75.94
浦罡小区    ,260,1, 42.34
图们路27号    ,319,2, 64.76
松苑小区    ,298,1, 57.05
工农三村    ,240,1, 48.27
控江七村    ,205,1, 35.61
张家浜小区    ,430,2, 65.17
双阳路604弄    ,440,2, 68.63
延吉七村    ,215,1, 35.6
延吉五村    ,248,2, 50.12
引翔港小区    ,400,2, 70.06
控江五村    ,300,2, 53.59
民星二村    ,175,1, 38.16
工农三村    ,250,1, 49.93
控江四村    ,208,1, 42.91
市光三村    ,283,2, 50.99
殷行路571弄    ,170,1, 35.08
松花江路223弄    ,190,1, 37.03
双阳路111弄    ,170,1, 29.06
开鲁二村    ,208,1, 42.1
控江东三村    ,282,2, 50.5
梅林小区    ,298,2, 52.25
开鲁五村    ,336,2, 59.28
创智坊(公寓)    ,590,1, 66.6
长白三村    ,286,2, 47.68
凤城六村    ,310,1, 46
鞍山四村第一小区    ,287,1, 42.21
开鲁二村    ,280,2, 61.83
市光三村    ,199,1, 44.96
平凉小区    ,335,1, 62.81
市光二村    ,192,1, 38.6
浣沙三村    ,255,1, 49.44
控江五村    ,330,2, 56.07
民星路408弄    ,230,2, 48.9
鞍山四村第一小区    ,305,2, 50.36
武川路222弄    ,210,1, 36.3
国和二村    ,215,1, 45.97
开鲁二村    ,275,2, 65.14
冶金公寓    ,393,1, 36.7
珠江香樟南园    ,750,2, 96.87
铁岭路50弄    ,263,1, 38.94
开鲁六村    ,310,2, 58.86
河间路20弄    ,265,1, 43.78
长白三村    ,187,1, 27.04
靖宇中路70号    ,520,2, 71.34
合生江湾国际公寓    ,780,2, 104.93
兰花新村    ,299,2, 52.33
华润置地橡树湾    ,768,2, 86.27
控江二村    ,290,2, 51.16
樟树缘公寓    ,568,2, 89.21
铁岭路50弄    ,305,2, 43.11
长海一村    ,187,1, 41.52
双阳路594弄    ,415,2, 54.61
鞍山四村第三小区    ,290,1, 41.39
民星路568弄    ,360,2, 68.58
国和二村    ,318,2, 59.9
眉州路420弄    ,295,2, 49.19
国和一村    ,300,2, 52.79
工农二村    ,190,1, 41.72
鞍山四村第二小区    ,253,1, 39.28
张家浜小区    ,235,1, 34.7
长隆住宅小区    ,270,2, 48.47
双辽新村    ,162,1, 27
工农二村    ,290,2, 54.18
兰花新村    ,175,1, 28.4
沧州路180弄    ,320,1, 39.09
延吉中路117弄    ,340,2, 55.97
群益公寓    ,828,3, 178.28
控江四村    ,152,1, 24.22
宝钢又一村    ,620,2, 99.61
控江路1197弄    ,270,1, 48.9
延吉中路117弄    ,210,1, 36.4
眉州路515弄    ,205,1, 35.43
凤城三村    ,220,2, 34.3
政通路250弄    ,225,1, 34.98
国权路333弄    ,220,1, 35.09
凤城三村    ,200,1, 34.35
控江东三村    ,188,1, 34.76
控江路888弄    ,200,1, 32.34
控江路874弄    ,195,1, 37.48
浦罡小区    ,228,1, 35.6
延吉东路82弄    ,188,1, 29.84
兰花新村    ,193,1, 34.55
凤城三村    ,205,1, 40.23
政民路230弄    ,213,1, 37.44
长白二村    ,140,1, 28.36
永吉路122弄    ,185,1, 31.18
财大小区    ,214,1, 38.31
鞍山六村    ,215,1, 29.29
延吉三村    ,193,1, 29
凤城二村    ,180,1, 32.3
市光三村    ,182,1, 37.98
翔殷三村    ,218,1, 35.73
鞍山三村    ,250,1, 37.21
邯郸小区    ,230,1, 38.44
控江路1458号    ,198,1, 38
凤城三村    ,200,1, 34.11
国和一村    ,328,2, 61.24
仁德路67弄    ,180,1, 34.84
延吉东路131弄    ,180,1, 32.65
延吉一村    ,203,1, 32.8
控江五村    ,193,1, 36.57
三峰大厦    ,255,1, 43.69
黄兴路1019弄    ,148,1, 24.93
兰花新村    ,215,1, 34.55
延吉七村    ,255,2, 35.6
鞍山四村第二小区    ,167,1, 25.86
幸福村小区    ,195,1, 38.5
双花公寓    ,450,2, 69.34
平凉路1545弄    ,295,2, 43.37
凤城三村    ,240,1, 41.29
凤城三村    ,258,1, 42
国和二村    ,205,1, 41.98
凤城三村    ,242,1, 45.55
文化名园    ,405,2, 61.3
翔殷路773号    ,278,2, 48.13
控江路1460号    ,240,1, 44.7
长海一村    ,180,1, 39.12
市光二村    ,355,2, 75.4
海鸿公寓    ,326,1, 57
开鲁五村    ,185,1, 41.2
秦家弄小区    ,270,1, 41.3
双辽支路70弄    ,238,1, 41.54
鞍山三村    ,350,1, 48.94
长阳路1900弄    ,305,2, 52.24
水电新村    ,250,1, 49.42
控江路1197弄    ,215,1, 33.54
城浦公寓    ,650,2, 97
控江四村    ,180,1, 36.11
开鲁六村    ,263,2, 58.8
爱国二村    ,238,1, 47.41
殷行路571弄    ,195,1, 40.45
延吉六村    ,325,1, 56.77
开鲁二村    ,188,1, 42.1
市京一村    ,203,1, 42.68
兰花新村    ,288,2, 50
安图新村    ,270,2, 50.84
幸福公寓    ,530,2, 100.75
兰花新村    ,299,2, 52.03
辽源四村    ,248,1, 43.45
延吉四村    ,318,1, 54.9
工农四村星源公寓    ,360,2, 73.12
国顺路400弄    ,205,1, 35.36
民星二村    ,215,1, 54
凤城四村    ,215,1, 36.78
市光四村    ,285,2, 54.45
梅林小区    ,220,1, 38.21
凤城三村    ,290,1, 47.72
工农二村    ,350,2, 61.16
开鲁路382弄    ,210,1, 42.08
辽源三村    ,235,1, 37.74
怡佳苑    ,275,1, 53.03
民星二村    ,185,1, 38.26
控江路18弄    ,479,2, 85.67
国和一村    ,302,2, 63.98
工农三村    ,205,1, 41.1
引翔港小区    ,423,2, 68.8
水电新村    ,205,2, 51.99
兰花新村    ,280,2, 49.29
国和二村    ,203,1, 41.3
幸福公寓    ,265,2, 47.39
国和二村    ,199,1, 42.76
鞍山六村    ,250,1, 32.44
工农三村    ,290,2, 51.9
市光四村    ,202,1, 43.65
兰花新村    ,175,1, 28.28
紫罗兰家苑    ,666,1, 71.86
眉州路515弄    ,330,2, 50.12
北茶园    ,275,1, 44.74
国定路600弄    ,259,1, 47.46
复旦教师公寓    ,285,2, 48.65
世和园    ,510,2, 72.93
纺平大楼小区    ,220,1, 45.74
市光一村    ,310,2, 59.74
大连西路26弄    ,400,1, 36.85
控江四村    ,290,2, 50
武川路99弄    ,220,1, 42.42
盛世豪园(二期)    ,725,2, 84.73
浣纱四村    ,380,1, 59.78
市光三村    ,250,2, 47.76
国和二村    ,238,1, 41.2
国和一村    ,315,2, 51.4
市光四村    ,239,1, 49.1
辽源四村    ,230,1, 35.75
延吉一村    ,198,1, 32.8
工农三村    ,185,1, 36.61
鞍山四村第一小区    ,250,1, 33.1
中原路99弄    ,215,1, 43.23
延吉中路310弄    ,470,2, 76.01
铁岭路50弄    ,248,1, 34.16
北茶园    ,275,1, 45.45
延吉五村    ,208,1, 35.84
工农三村    ,245,1, 42.79
控江路1455弄    ,180,1, 32.99
开鲁路382弄    ,205,2, 41.54
凤城三村    ,212,1, 34.18
凤城三村    ,172,1, 36.35
三峰大厦    ,263,1, 43.69
民星二村    ,230,1, 42.39
敦化路6弄    ,290,2, 55.84
鞍山路310弄    ,365,2, 50.3
凤城三村    ,206,1, 34.18
延吉四村    ,345,2, 50.43
市光四村    ,310,2, 58.86
市光三村    ,225,2, 47.49
市光一村    ,310,2, 59.24
市政家园    ,299,1, 52.52
延吉东路82弄    ,299,2, 48.61
国和二村    ,300,2, 60.71
翔殷三村    ,393,2, 67.29
民星一村    ,155,1, 39.76
开鲁五村    ,258,2, 60.8
国伟新苑    ,365,2, 71.13
公安大楼(杨浦)    ,420,2, 63.29
凤城二村    ,185,1, 37.28
民星二村    ,304,2, 59.8
殷行一、二村    ,253,2, 49.09
仁德路67弄10支弄    ,295,1, 54.3
兴浦新村    ,268,2, 63.61
幸福村小区    ,258,1, 39.67
控江五村    ,348,2, 64.5
开鲁二村    ,255,2, 65.14
仁德苑    ,740,2, 107.23
明园村小区    ,270,2, 45.21
政民花苑    ,258,1, 43.4
殷行一、二村    ,218,2, 49.32
国顺路310弄    ,330,2, 50.49
延吉五村    ,200,1, 35.79
文化名园    ,450,2, 64.57
控江路1039弄    ,210,2, 32.64
开鲁一村    ,198,1, 41.23
沧州路180弄    ,440,2, 55.1
长海一村    ,330,2, 57.6
平凉路1115弄    ,235,1, 35.6
延吉一村    ,167,1, 29
益民小区    ,360,2, 67.26
市光四村    ,215,1, 43.2
市光一村    ,198,1, 41.94
市京一村    ,340,2, 64.01
大连西路4弄    ,405,1, 39.29
双阳路111弄    ,290,2, 51.92
市光一村    ,440,2, 79.24
延吉东路131弄    ,199,1, 37.12
长海路137弄    ,248,2, 45.04
民星住宅小区    ,425,2, 75.33
延吉六村    ,248,1, 43.76
图们小区    ,205,1, 39.08
延吉五村    ,215,1, 35.79
控江路888弄    ,238,1, 38.5
市光四村    ,268,1, 52.65
创智坊(公寓)    ,780,2, 97.47
水电新村    ,270,2, 57.9
市光一村    ,310,2, 59.69
工农二村    ,308,2, 69.43
延吉三村    ,290,2, 47
控江路1200弄    ,350,1, 40.5
市光四村    ,233,1, 41.83
控江四村    ,350,2, 57.14
长白三村    ,320,2, 57.15
市光二村    ,187,1, 37.75
邯郸小区    ,235,1, 47.02
控江东三村    ,340,2, 62
鞍山四村第一小区    ,253,1, 34.89
市光二村    ,190,1, 38.24
兰花新村    ,330,2, 47.2
市光三村    ,220,2, 47.76
凤城三村    ,280,2, 48.74
新中源大楼    ,410,2, 69.5
延吉七村    ,242,1, 39.5
控江路1670弄    ,252,1, 39.13
开鲁路382弄    ,206,1, 42.08
国和一村    ,265,2, 54.45
殷行一、二村    ,236,2, 49
长海二村    ,260,2, 49.19
延吉五村    ,326,2, 53.97
城市名园    ,428,1, 85.94
延吉中路310弄    ,228,1, 45.54
市光二村    ,345,2, 66.36
眉州路515弄    ,220,1, 33.37
中原路99弄    ,280,2, 53
双辽路155弄    ,390,2, 58.05
长海一村    ,189,1, 41.61
民星路600弄    ,345,2, 55.65
凤城三村    ,237,1, 41.39
控江七村    ,180,1, 29.05
市光二村    ,335,2, 69.81
延吉四村    ,238,1, 37.51
工农三村    ,326,2, 54.3
国年路102弄    ,242,1, 39.26
建新小区    ,297,2, 48.29
财大小区    ,210,1, 37.86
延吉东路131弄    ,209,1, 32.29
国和一村    ,210,1, 38.93
国定路700弄    ,251,1, 46.65
双辽支路70弄    ,150,1, 25.01
开鲁路382弄    ,210,1, 41.54
控江路896弄    ,280,2, 51.11
政立路545弄    ,425,2, 63.79
大居苑    ,680,2, 101.42
控江路650弄    ,278,1, 50.14
市光三村    ,265,2, 50.86
长阳路2310弄    ,265,2, 46.31
永吉路81弄    ,270,2, 48.62
国定路700弄    ,260,1, 46.6
市光二村    ,348,2, 66.38
兴浦新村    ,265,2, 64.97
市光二村    ,298,2, 58.11
辽源三村    ,187,1, 28.04
政民路150弄    ,265,1, 44.43
市光三村    ,245,2, 47.58
水电新村    ,330,2, 67.14
延吉四村    ,290,2, 50.22
双阳路594弄    ,362,1, 47.99
航天小区    ,258,1, 44.17
殷行路571弄    ,174,1, 39.51
长隆住宅小区    ,286,2, 51.22
世和园    ,380,1, 55.23
翔殷三村    ,350,2, 64.21
国和一村    ,202,1, 42.27
延吉中路310弄    ,240,1, 45.8
市光四村    ,310,2, 54.6
四平路2065弄    ,237,1, 41.09
市光一村    ,310,2, 58.03
长白三村    ,300,2, 54.67
长海二村    ,251,2, 51.4
工农三村    ,300,2, 56.27
市光三村    ,208,1, 43.62
世和园    ,470,2, 71.14
市光四村    ,275,2, 53.28
双阳路604弄    ,468,2, 62.95
梅林小区    ,285,2, 53.49
凤城三村    ,225,1, 39.14
凤城二村    ,184,1, 36.35
双辽支路70弄    ,258,1, 42.88
凤城三村    ,170,1, 29.82
梅林小区    ,300,2, 52.03
新江湾时代花园    ,660,2, 87.34
电大小区    ,305,2, 59.73
控江四村    ,210,1, 36.24
延吉七村    ,255,1, 39.5
殷行一、二村    ,230,2, 48.86
密云小区    ,366,1, 32.81
凤城二村    ,180,1, 35.05
合生江湾国际公寓    ,780,2, 104.93
北茶园    ,305,1, 45.06
民星二村    ,390,2, 73.38
控江二村    ,410,2, 52.57
文化花园香榭丽苑    ,670,2, 101.82
长阳路2330号    ,280,2, 40.98
凤城三村    ,235,1, 45.77
兰花新村    ,285,2, 51.46
电大小区    ,320,2, 59.41
电大小区    ,320,2, 59.73
双辽新村    ,178,1, 32.06
长海二村    ,343,2, 62.44
仁德路67弄10支弄    ,320,2, 54.3
控江东三村    ,225,1, 39.94
城市方园    ,324,2, 69.74
控江四村    ,280,1, 49.54
控江路896弄    ,330,2, 51.95
市光三村    ,261,2, 51.76
大诚花苑    ,520,2, 77.19
市光三村    ,210,1, 39.25
市光一村    ,205,1, 41.8
延吉六村    ,228,1, 43.92
控江五村    ,248,2, 42.89
凤城三村    ,235,1, 40.48
幸福村小区    ,340,2, 57.71
延吉东路130弄    ,190,2, 35.79
兴浦新村    ,260,2, 63.05
双辽新村    ,250,1, 37.32
引翔港小区    ,415,2, 65.51
市光一村    ,335,2, 70.65
鹏程苑    ,425,3, 80.79
鹏程苑    ,263,1, 49.2
翔殷路505弄    ,480,1, 77.92
大连路1188弄    ,326,2, 55.26
眉州路515弄    ,200,1, 30.89
工农二村    ,282,2, 61.16
市光一村    ,215,1, 39
水电新村    ,280,2, 59.25
眉州路515弄    ,235,1, 39.26
国和二村    ,250,1, 45
兴浦新村    ,300,2, 61.63
市光三村    ,238,2, 47.79
幸福村小区    ,210,1, 36.65
国和二村    ,222,1, 41
兴浦新村    ,290,2, 60.63
国顺路375弄    ,290,2, 48.77
国顺路386号    ,228,1, 36.63
控江路1521号    ,238,1, 39.6
长眉小区    ,175,1, 30.61
中王小区    ,390,1, 58.98
长阳新苑    ,595,1, 68.42
公交新村    ,315,2, 43.84
控江七村    ,320,2, 49.94
市光三村    ,245,2, 48.25
市光四村    ,270,1, 48.07
仁德路67弄10支弄    ,400,2, 67.41
市光四村    ,330,2, 56.85
工农四村星源绿苑    ,355,2, 73.32
文化名园    ,420,2, 61.29
工农三村    ,235,1, 42.91
兴浦新村    ,270,2, 60.6
林绿家园    ,288,2, 48.45
市光四村    ,300,2, 62.35
梅林小区    ,270,2, 53.79
世界路91弄    ,195,1, 37.91
凤城三村    ,320,2, 52.27
长海二村    ,298,2, 54.13
明园村小区    ,298,2, 44.76
延吉东路131弄    ,263,1, 44.37
国和二村    ,222,1, 41.98
市光三村    ,205,1, 43.43
开鲁五村    ,375,2, 66.51
鞍山四村第一小区    ,245,1, 37.5
凤城三村    ,295,2, 49.08
北茶园    ,259,1, 40.93
国年路25弄    ,238,1, 36.31
许昌路1430号    ,170,1, 26.27
延吉四村    ,249,1, 35.84
市光一村    ,340,2, 56.4
汇丰苑    ,405,2, 59.74
控江四村    ,260,2, 48.55
国和二村    ,330,2, 57.12
国和二村    ,325,2, 57.11
双阳路604弄    ,530,2, 72.57
控江西三村    ,203,1, 39.29
幸福村小区    ,290,2, 57.63
双辽支路70弄    ,183,1, 34.92
长浜路400弄    ,210,1, 35
控江路1456号    ,178,1, 37.9
控江路1458号    ,180,1, 37.8
市光二村    ,338,3, 68.98
浣纱六村    ,460,2, 76.87
金鹏花园    ,455,2, 66.16
延吉中路117弄    ,208,1, 34.2
控江路1200弄    ,285,1, 32.77
幸福公寓    ,225,1, 35.55
控江路1670弄    ,240,1, 34.99
凤城三村    ,235,1, 49.86
延吉三村    ,255,1, 32.74
控江路764弄    ,175,1, 33.89
延吉二村    ,208,1, 29
靖宇中路8弄    ,175,1, 30.95
国顺路389弄    ,236,1, 36.36
幸福村小区    ,223.5,1, 40.04
双阳路111弄    ,162,1, 29.06
控江四村    ,195,1, 41.31
延吉一村    ,175,1, 27.85
白洋淀新村    ,203,1, 36.53
四平路2065弄    ,196,1, 33
凤城二村    ,163,1, 34.03
凤城二村    ,150,1, 29.86
延吉东路555弄    ,193,1, 36.25
控江路1200弄    ,285,1, 33.88
凤城二村    ,150,1, 28.9
国顺路300弄    ,198,1, 31.51
鞍山路215弄    ,238,1, 38.24
沈家桥小区    ,333,3, 67.62
吴家浜小区    ,175,1, 28.1
国年路65弄    ,186,1, 31.47
新翔公寓    ,445,2, 92.5
双阳大楼    ,200,1, 34.67
世和园    ,468,2, 72.93
长白三村    ,167,1, 34.11
保利香槟苑    ,1135,4, 115
凤城二村    ,195,1, 36.7
文化花园香榭丽苑    ,670,2, 96.29
长隆住宅小区    ,188,1, 31.51
国定路600弄    ,430,3, 73.24
南茶园    ,265,1, 44.5
市光四村    ,220,1, 43.65
鞍山四村第一小区    ,235,1, 37.38
国和一村    ,218,1, 45.13
国和苑    ,320,2, 55.83
和平公寓    ,750,2, 125.8
控江东三村    ,250,1, 39.36
河间路20弄    ,208,1, 34.18
同济新村    ,545,2, 60.96
幸福村小区    ,195,1, 42.74
世界路99弄    ,285,2, 62.71
殷行路310弄    ,205,1, 41.79
怡佳苑    ,298,2, 63.71
双阳路101弄    ,306,2, 53.24
广杭苑    ,938,3, 144.51
国和二村    ,225,1, 39.35
凤城三村    ,230,1, 40.02
控江路888弄    ,249,1, 41.26
辽源三村    ,345,2, 56.67
尚浦名邸    ,1200,3, 133.7
凤城二村    ,175,1, 36.2
殷行路310弄    ,175,1, 38.77
华升新苑    ,960,3, 134.32
政民路150弄    ,320,1, 50.34
延吉东路82弄    ,160,1, 31.5
国远小区    ,355,2, 56.71
鞍山八村    ,205,1, 27.51
浣沙三村    ,249,1, 47.08
控江路1200弄    ,243,1, 22.2
控江路645弄    ,170,1, 33.62
长眉小区    ,300,1, 45.93
东田公寓    ,680,2, 103.89
中原路99弄    ,193,1, 40.08
长隆住宅小区    ,210,1, 36.75
广杭苑    ,1400,5, 160.46
双阳路50弄    ,435,2, 69.99
海鹏苑    ,660,3, 117.43
林厦小区    ,300,2, 59.58
新凤城    ,427,1, 54.96
延吉一村    ,205,1, 33.7
市光四村    ,225,1, 42.18
兴浦新村    ,215,1, 48.35
界龙商务大楼    ,560,2, 91.7
国和一村    ,405,3, 79.14
万昌大厦    ,750,3, 124.42
圣骊河滨苑    ,705,2, 86
明德公寓    ,588,2, 94.86
仁德路67弄    ,350,2, 66.46
嘉誉湾    ,1920,4, 220
新凤城    ,1150,3, 140.4
大运盛城    ,730,2, 97.37
控江六村    ,390,2, 44.49
控江二村107弄小区    ,195,1, 36.43
张家浜小区    ,410,2, 64.75
公交新村    ,230,1, 31.01
阳光城滨江悦    ,1500,3, 139.28
嘉誉湾    ,3600,6, 414
阳明新城    ,528,2, 74.93
民星住宅小区    ,240,1, 44.5
鞍山四村第一小区    ,390,2, 56.39
凤城二村    ,170,1, 33.82
控江四村    ,158,1, 34.13
控江四村    ,195,1, 36
铁岭路90弄    ,410,2, 60.74
城建小区    ,259,1, 40.15
军工路周家    ,175,1, 36.3
兰花新村    ,255,1, 33.91
控江五村    ,125,1, 21.11
延吉东路131弄    ,165,1, 31.71
鞍山八村    ,240,1, 30.81
工农三村    ,195,1, 39
开鲁一村    ,193,2, 41.58
铁路新村(杨浦)    ,195,1, 32.9
控江五村    ,175,1, 33.95
控江路652弄    ,160,1, 31.4
东方名城    ,700,2, 101.02
控江六村    ,246,1, 27.58
凤城三村    ,175,1, 29.74
公园3000黄兴花园    ,830,2, 101.73
双辽路200弄    ,216,1, 38.04
爱国二村    ,240,1, 44
韵都城    ,740,2, 101.7
控江五村    ,220,1, 38.9
工农二村    ,190,1, 41.72
控江小区    ,203,1, 30.93
双阳大楼    ,192,1, 34.67
银龙新村    ,235,1, 34.41
市光一村    ,215,1, 41.47
凤城三村    ,173,1, 33.08
控江五村    ,200,1, 37.07
长白三村    ,194,1, 33.49
沧州路180弄    ,330,1, 39.28
控江路645弄    ,181,1, 39.34
控江路1200弄    ,320,1, 35.97
政通路250弄    ,213,1, 32.01
国和二村    ,210,1, 42.34
邯郸小区    ,300,2, 52.22
殷行一、二村    ,185,1, 35.97
国和一村    ,220,1, 48.37
控江五村    ,155,1, 28.39
国顺路300弄    ,340,2, 52.9
国和二村    ,215,1, 42.2
兰花新村    ,200,1, 35.31
幸福村小区    ,230,1, 39.67
控江东三村    ,545,3, 94
松花一村    ,210,2, 37.46
周家嘴路3342号    ,320,2, 55.33
控江四村    ,230,1, 41.2
汽车公寓小区    ,273,2, 46.04
宁武路501号    ,185,1, 30.03
殷行一、二村    ,170,1, 35.68
鞍山六村    ,215,1, 29.78
控江小区    ,226,1, 34.17
市京一村    ,300,2, 58.75
市光三村    ,162,1, 37
鞍山路215弄    ,215,1, 32.96
恒阳花苑    ,510,2, 66.15
长白三村    ,148,1, 25.55
幸福村小区    ,188,1, 36.6
安图新村    ,182,1, 33.18
鞍山路215弄    ,223,1, 34.68
凤城三村    ,185,1, 28.66
控江路1200弄    ,285,1, 34.35
控江五村    ,168,1, 35.22
双阳路111弄    ,152,1, 29.06
引翔港小区    ,158,1, 28.33
幸福村小区    ,230,1, 40.49
控江四村    ,210,1, 40.5
工农三村    ,200,1, 39.69
沧州路180弄    ,320,1, 35.9
控江五村    ,195,1, 37.07
控江二村107弄小区    ,180,1, 32.82
长白三村    ,195,1, 33.4
隆昌路700弄    ,188,1, 39.98
隆昌路468弄    ,195,1, 35.14
鞍山四村第三小区    ,202,1, 27.51
凤城二村    ,168,1, 34.03
浦罡小区    ,215,1, 37.77
控江七村    ,175,1, 29.02
幸福公寓    ,225,1, 35.55
隆昌路702弄    ,184,1, 38.66
延吉二村    ,170,1, 28.18
控江四村    ,128,1, 26.52
凤城三村    ,195,1, 35.62
长白三村    ,175,1, 33.7
控江二村107弄小区    ,220,1, 36.14
长白三村    ,178,1, 33.7
凤城二村    ,140,1, 28.55
公交新村    ,217,1, 31.26
控江二村107弄小区    ,155,1, 29.22
锦西路171号    ,275,1, 42.68
松花一村    ,165,1, 31.87
铁岭路50弄    ,230,1, 33.92
凤城三村    ,145,1, 25.81
鞍山四村第一小区    ,275,1, 40.62
长白三村    ,170,1, 29.32
控江四村    ,185,1, 37.08
工农三村    ,175,1, 34.05
工农三村    ,210,1, 39.69
延吉东路82弄    ,185,1, 31.41
军工路周家    ,153,1, 35.05
国顺路300弄    ,180,1, 31.24
鞍山六村    ,235,1, 32.44
本溪路149弄    ,180,1, 22.69
控江二村107弄小区    ,160,1, 28.38
长白三村    ,155,1, 28.68
市光四村    ,208,1, 41.71
控江东三村    ,198,1, 35
控江二村107弄小区    ,140,1, 28.81
幸福村小区    ,190,1, 38.35
公交新村    ,255,1, 32.47
长白三村    ,170,1, 33.73
长阳路1900弄    ,188,1, 25.92
兰花新村    ,220,1, 41.89
控江四村    ,175,1, 32.1
武川路99弄    ,198,1, 31.1
控江路802弄    ,240,1, 43.8
市光一村    ,340,2, 59.69
申安公寓    ,1200,3, 177.75
黄兴绿园    ,870,3, 136.67
翔殷路505弄    ,580,2, 104.52
长眉小区    ,260,2, 40.91
政立小区    ,420,2, 66.25
汽车公寓小区    ,165,1, 29.23
松苑小区    ,545,2, 92.25
长眉小区    ,470,2, 72.46
鞍山四村第三小区    ,275,1, 39.22
国和二村    ,188,1, 41.39
军工路周家    ,180,1, 34
凯兴苑    ,810,3, 125.39
宝钢又一村    ,690,2, 107.81
国年路25弄    ,195,1, 32.83
铁岭路50弄    ,290,1, 42.13
幸福村小区    ,215,1, 38.49
控江四村    ,230,1, 49.43
工农新村小区    ,240,2, 51.37
莱茵半岛    ,898,3, 141
控江路1200弄    ,295,1, 35.45
双阳路503号    ,263,1, 32.88
幸福村小区    ,190,1, 37.7
控江路675号    ,280,2, 46.86
开鲁四村    ,200,1, 41.2
林厦小区    ,185,1, 36.45
幸福公寓    ,205,1, 32.1
浦罡小区    ,235,1, 38.57
东方名城    ,750,3, 123.66
国权路300弄    ,300,2, 51.02
兴浦新村    ,256,2, 60.89
控江路802弄    ,290,2, 52.42
国年路65弄    ,190,1, 31.47
四平路2100弄    ,210,1, 32.35
白洋淀新村    ,218,1, 40.41
凤城三村    ,232,1, 45.83
益晖新苑    ,580,2, 83.32
幸福村小区    ,200,1, 39.67
凤城六村    ,350,1, 52.24
控江路1525弄    ,220,1, 39.13
控江东三村    ,215,1, 37.39
幸福公寓    ,185,1, 34.95
长阳路1900弄    ,175,1, 30.91
铁路新村(杨浦)    ,228,1, 36.95
林厦小区    ,210,1, 36.48
浦罡小区    ,199,1, 35.6
长阳新苑    ,828,3, 96.87
南茶园    ,286,1, 42.64
控江一村    ,690,3, 98.35
明丰苑    ,510,2, 69.87
控江四村    ,325,2, 55.56
市光四村    ,185,1, 43.21
城市名园    ,370,1, 78.38
长白三村    ,172,1, 29.85
凤城路104弄    ,180,1, 35.62
江湾翰林    ,1615,3, 170.92
四平路2065弄    ,195,1, 30.03
市光三村    ,192,1, 38.41
国和二村    ,232,1, 44.7
控江路764弄    ,230,2, 37.21
浣沙三村    ,419,2, 62.92
工农三村    ,200,1, 41.76
同济欣苑    ,826,3, 133.83
东银茗苑    ,818,3, 116.12
景江公寓    ,900,3, 156.61
铁岭路50弄    ,387,2, 53.8
创智坊(公寓)    ,1300,4, 156.94
武川路99弄    ,272,2, 42.36
双阳二村    ,235,1, 39.48
纺平大楼小区    ,315,2, 60.7
汇丰苑    ,550,2, 77.54
汇丰苑    ,450,2, 64.66
仁德路67弄10支弄    ,225,1, 44.35
张家浜小区    ,218,1, 35.99
凤城路104弄    ,295,1, 46.71
靖宇南路5弄    ,350,1, 41.26
凤城三村    ,190,1, 34.35
国和路1007号    ,225,1, 46.77
国和一村    ,220,1, 40.3
华谊星城名苑    ,770,2, 89.73
长浜路400弄    ,270,1, 41.47
东森花园    ,1020,3, 135.94
国和二村    ,224,1, 47.34
控江二村107弄小区    ,175,1, 36.41
国顺路300弄    ,313,2, 50.96
延吉五村    ,236,1, 39.5
控江西三村    ,310,2, 50.53
国定路700弄    ,480,3, 71.52
开鲁二村    ,310,2, 59.95
书香公寓    ,1420,3, 146.71
珠江香樟南园    ,760,2, 93.08
黄兴路118号    ,356,1, 59.11
霍兰公寓    ,523,2, 84.03
公园3000黄兴花园    ,790,2, 98.46
控江四村    ,260,2, 47.9
三门路510弄    ,240,1, 52.47
密云小区    ,348,1, 25.5
国顺路395弄    ,206,1, 32.74
长海一村    ,220,1, 41.61
市光一村    ,300,2, 52.93
建新小区    ,520,3, 77.57
吉浦小区    ,395,1, 73.71
佳泰花园    ,799,3, 121.29
市光四村    ,222,1, 42.88
平凉小区    ,490,2, 87.51
延吉二村    ,315,2, 47.12
工农四村星源绿苑    ,383,2, 76.74
申通公寓    ,475,2, 83.74
鞍山三村    ,310,1, 48.94
工农三村    ,195,1, 36.7
民星一村    ,319,3, 80.21
民星路350弄    ,182,1, 39.16
延吉七村    ,269,2, 50.08
工农三村    ,250,1, 48.55
眉州路420弄    ,325,2, 51.02
市京一村    ,360,2, 62.24
香阁丽苑    ,850,2, 97.26
公园3000黄兴花园    ,890,2, 111.28
国和一村    ,375,2, 66.49
涵碧景苑    ,1280,3, 145.17
控江四村    ,275,2, 51.2
东银茗苑    ,1000,3, 134.21
市京一村    ,418,3, 76.95
吉浦小区    ,293,1, 54.23
开鲁二村    ,310,2, 61.83
金鹏花园    ,465,2, 70.94
复旦书馨公寓    ,1150,3, 151.43
引翔港小区    ,270,2, 53.37
滨江晶典    ,1400,3, 157.38
明园公寓    ,470,2, 76.01
祥生御江湾(公寓)    ,1500,3, 184.19
水电新村    ,173,2, 42.26
华升新苑    ,1250,3, 143.96
文化花园香榭丽苑    ,775,3, 133.81
松花公寓    ,440,2, 82.23
海尚佳园    ,1030,3, 119.37
大运盛城    ,870,3, 121.15
北茶园    ,470,3, 82.14
铁路新村(杨浦)    ,375,2, 54.47
华润置地橡树湾    ,2200,5, 281.03
鑫隆公寓    ,630,2, 102.97
隆昌路468弄    ,255,1, 50.36
兰花教师公寓    ,970,4, 136.24
控江四村    ,315,2, 56.71
控江路1209号    ,455,2, 77
密云小区    ,580,3, 76.05
控江五村    ,480,2, 77.24
新江湾佳苑    ,720,3, 89.1
工农四村五街坊    ,335,2, 69.28
世界路99弄    ,230,1, 52.61
东方名城    ,1450,4, 217.58
建新小区    ,340,2, 58.05
安波路200弄    ,740,2, 107.91
宝立公寓    ,800,3, 119.01
新翔公寓    ,420,2, 87.43
梅林公寓    ,275,1, 50.18
江浦路1709弄    ,570,2, 96
双阳大楼    ,513,2, 92.8
万登花苑    ,930,3, 126.55
兰花新村    ,306,2, 48.92
益晖新苑    ,548,2, 87.53
建德国际公寓    ,700,2, 85.8
抚顺路363弄    ,485,2, 61.36
城市方园    ,330,2, 69
和平花苑    ,840,2, 98.39
市光三村    ,180,1, 44.55
政立路830弄    ,405,2, 65
建信大楼    ,460,2, 72.77
华润置地橡树湾    ,1980,4, 279.66
怡佳苑    ,270,2, 52.58
圣骊河滨苑    ,890,2, 108.83
控江二村    ,860,3, 146.37
新翔公寓    ,570,3, 129.06
密云小区    ,455,1, 52
延吉七村    ,315,1, 56.67
广杭苑    ,730,3, 112.58
银浦大楼    ,580,2, 89.75
双阳路50弄    ,270,1, 46.62
工农四村星源花苑    ,485,2, 89.23
翔殷三村    ,380,2, 71.13
上海大花园    ,850,2, 122.64
双辽新村    ,280,1, 40.51
林绿家园    ,380,2, 56
惠浦大厦    ,640,3, 122.47
纺平大楼小区    ,430,2, 92.94
九州家园    ,850,3, 134.55
延吉七村    ,198,1, 35.6
国顺路395弄    ,320,2, 54.98
邯郸小区    ,227,1, 38.44
控江路1200弄    ,630,2, 104.9
水电新村    ,385,3, 79.65
开鲁路382弄    ,215,1, 42.08
工农四村星源佳苑    ,498,2, 92.74
韵都城    ,1100,6, 123
兰花教师公寓    ,890,4, 135.98
海上硕和城    ,880,2, 112.14
佳泰花园    ,798,3, 117.02
和平花苑    ,1200,3, 137
市光一村    ,208,1, 42.06
眉州路515弄    ,230,1, 33.78
中王小区    ,530,2, 83
延吉东路131弄    ,242,1, 48.97
松益公寓    ,620,2, 91.28
锦都玫瑰园    ,950,3, 132.15
沧州路180弄    ,320,1, 39.28
望春都市家园    ,1280,3, 155.86
本溪路165弄    ,420,2, 53.34
世界路99弄    ,175,1, 40.18
控江五村    ,245,2, 50.78
国中公寓    ,950,3, 197
三门路510弄    ,248,1, 50.7
大运盛城    ,650,2, 99.04
松花江路95弄    ,580,3, 108.34
金鹏花园    ,666,3, 99.86
仁恒怡庭    ,1930,5, 205.22
中建大公馆    ,2370,4, 428.24
兰馨雅苑    ,930,3, 132.73
华润置地橡树湾    ,3030,5, 317.06
梅林公寓    ,265,1, 50
民欣苑    ,360,2, 69.01
延吉七村    ,470,2, 81.11
广杭苑    ,610,2, 95.33
凤城二村    ,600,3, 99.09
三门路358弄    ,345,2, 68.01
浣纱四村    ,830,4, 161.4
文化花园香榭丽苑    ,660,2, 98.38
海鹏苑    ,560,2, 94
兰花教师公寓    ,898,4, 137.97
九州花苑    ,850,4, 153.66
仁恒怡庭    ,1900,4, 208.33
新江湾佳苑    ,515,1, 63.14
延吉东路131弄    ,205,1, 41.25
建发珑庭二期    ,950,3, 109
双花公寓    ,370,2, 67.2
长白三村    ,285,2, 51.27
翔殷路505弄    ,710,3, 130.31
联升大厦    ,680,3, 118.18
鑫隆公寓    ,730,3, 114.7
兴浦新村    ,300,2, 63.59
银河苑    ,558,2, 86.68
嘉誉湾    ,1750,4, 203
凤城二村    ,208,2, 49.13
凤城一村    ,188,1, 40.39
新江湾城雍景苑    ,1880,5, 270.16
恒阳花苑    ,1300,4, 176.4
中建大公馆    ,2320,3, 334
延吉东路131弄    ,290,2, 56
安图新村    ,220,1, 38.41
君欣豪庭    ,735,1, 68.52
新江湾时代花园    ,680,2, 87.34
隆昌路416弄    ,350,2, 63.27
政立路830弄    ,285,1, 51.6
靖宇中路70号    ,660,2, 93
鞍山一村    ,390,2, 63.33
星惠佳苑    ,1350,3, 177.1
仁恒怡庭    ,2080,4, 207.89
上海大花园    ,1150,3, 165.87
浦江风景苑    ,950,3, 136.1
宝地东花园    ,1445,3, 180.62
中建大公馆    ,4300,8, 696.91
莱茵半岛    ,1240,4, 209.21
政通路285弄    ,370,2, 47
凯达苑    ,378,1, 63.97
长白三村    ,180,1, 35.6
控江四村    ,300,2, 56.08
控江四村    ,270,2, 49.58
开鲁四村    ,300,2, 58.24
安图新村    ,263,2, 46.05
珠江香樟园    ,870,3, 131.08
现代星洲城    ,825,2, 96.42
双阳路604弄    ,340,2, 50.61
阜新路284弄    ,435,2, 55.51
民星住宅小区    ,290,2, 59.46
密云小区    ,570,3, 64.12
控江五村    ,153,1, 31.38
加州水郡    ,2400,5, 305.67
金上海家园    ,895,3, 140.01
民星一村    ,390,3, 80.21
密云小区    ,599,2, 58.71
文化佳园    ,1050,3, 149.14
控江西三村    ,228,2, 41.07
鞍山一村    ,330,2, 49.7
彰武大楼    ,460,2, 62.14
文化花园清华苑    ,750,2, 118.04
开鲁二村    ,190,1, 45.15
松花一村    ,309,2, 55.86
国年路102弄    ,235,1, 40.68
开鲁五村    ,247,2, 48.96
星鸿佳苑    ,310,1, 50.3
益晖新苑    ,615,2, 87.53
控江路888弄    ,155,1, 30.95
凤城三村    ,230,1, 48.58
梅林公寓    ,560,3, 93
财大小区    ,300,2, 53.93
金宇名邸    ,888,3, 118
靖宇东路85弄    ,280,2, 46.63
电大小区    ,322,2, 59.41
延吉东路125弄    ,289,2, 55.75
涵碧景苑    ,1350,4, 173.52
和平公寓    ,750,3, 125.8
上海大花园    ,1180,3, 146.35
泰鸿新苑    ,1080,4, 157.02
泰鸿苑    ,920,3, 128.86
上海大花园    ,1115,3, 160.84
城市丽园    ,1150,3, 143.65
江湾翰林    ,2675,6, 367.52
长恒苑    ,700,3, 115.16
江湾翰林    ,1830,3, 214.53
汇元坊    ,899,3, 131.5
凤城三村    ,700,3, 129.94
广杭苑    ,900,3, 106.47
开鲁六村    ,185,1, 41.49
凤城一村    ,275,1, 47.35
双辽新村    ,274,2, 44.94
邯郸小区    ,390,2, 77.77
联升大厦    ,600,3, 118.18
凤城五村    ,450,2, 50.27
控江四村    ,400,2, 70
仁德路67弄    ,230,1, 38.15
文化花园清华苑    ,730,2, 110.35
金源佳苑    ,720,2, 94.41
控江四村    ,150,1, 25.68
长隆住宅小区    ,192,1, 40.01
凤城三村    ,155,1, 37.17
鞍山三村    ,190,1, 31.67
怡佳苑    ,202,1, 40.93
控江四村    ,185,1, 39.57
密云小区    ,530,2, 56.92
明和苑    ,1250,3, 142.31
辽源一村    ,580,3, 88.36
华润置地橡树湾    ,1930,4, 221.58
幸福村小区    ,220,1, 42.74
宁武路511号    ,260,2, 49.08
市光二村    ,350,2, 67.4
财大小区    ,430,2, 70.23
财大小区    ,385,2, 70.42
海鸿公寓    ,720,2, 108.59
密云小区    ,470,2, 66.2
公安公寓    ,420,1, 48.72
双阳路604弄    ,448,2, 63.39
凯兴苑    ,830,3, 125.09
鞍山路61号    ,390,2, 58.92
本溪路149弄    ,220,1, 32.43
鞍山四村第三小区    ,176,1, 30.56
鞍山七村    ,242,1, 35.7
抚顺路363弄    ,395,2, 47.04
翔殷路491弄    ,235,2, 38.39
凤城一村    ,345,2, 60
殷行路310弄    ,200,1, 46.04
密云小区    ,620,2, 83.83
银龙新村    ,280,2, 46.5
台益公寓    ,950,3, 134.29
樟树缘公寓    ,765,4, 157.15
大连西路40弄    ,512,2, 67.3
银杨大厦    ,540,2, 89
凤城三村    ,250,1, 38.25
鞍山四村第二小区    ,248,2, 47.4
中建大公馆    ,2200,5, 260
江湾尊堡别墅(别墅)    ,6580,7, 794.2
延吉中路320弄    ,205,1, 33.85
控江路896弄    ,270,2, 43.7
永安小区(杨浦)    ,210,1, 34.34
靖宇东路85弄    ,205,1, 34.82
控江路1197弄    ,210,2, 41.29
控江五村    ,200,1, 34.14
松苑小区    ,290,1, 57.05
鞍山四村第二小区    ,200,1, 40.95
控江四村    ,128,1, 30.95
文化花园明珠苑    ,970,3, 132.55
申安公寓    ,1100,4, 171.56
创智坊(公寓)    ,755,2, 93.84
公安大楼(杨浦)    ,510,2, 77.55
梅林公寓    ,310,2, 59.59
长隆住宅小区    ,200,1, 36.75
宝钢又一村    ,990,4, 167
控江路1200弄    ,308,1, 39.2
宝地东花园    ,1500,3, 174.61
涵碧景苑    ,1900,6, 301.63
市光四村    ,153,1, 33.33
莱茵半岛    ,1180,4, 209
民星路350弄    ,158,1, 37.8
国中公寓    ,650,2, 137.4
民星路350弄    ,235,2, 39.67
城市名园    ,595,2, 112.42
城市名园    ,700,3, 137.29
松花江路95弄    ,398,2, 67.16
铁岭路90弄    ,325,2, 41.7
市光四村    ,280,2, 55.42
铁岭路50弄    ,300,1, 42.13
密云小区    ,450,2, 55.88
城市名园    ,520,2, 107.1
国威大厦小区    ,590,2, 98.86
凤城三村    ,360,2, 53.09
控江五村    ,192,1, 37
凤城三村    ,335,2, 54.47
莱茵半岛    ,830,2, 132.73
公安公寓    ,600,2, 62.86
佳木斯路311号    ,330,2, 65.83
恒阳花苑    ,555,2, 70.46
城市名园    ,590,3, 135.96
民星二村    ,210,1, 38.9
皇朝新城    ,730,3, 136.1
大运盛城    ,1100,3, 135.3
图们小区    ,195,1, 39.8
凤城二村    ,318,2, 53.36
市光一村    ,240,1, 50.37
双辽路155弄    ,220,1, 37.03
双阳公寓    ,725,3, 134.71
